EVENT,REQUEST,RESPONSE,,To be changed in api-events.xml
AcceptVpcEndpointConnections,ID: requestParameters.AcceptVpcEndpointConnectionsRequest.ServiceId,,,
AcceptVpcPeeringConnection,ID: requestParameters.vpcPeeringConnectionId,,,
AssignIpv6Addresses,ID: requestParameters.AssignIpv6AddressesRequest.NetworkInterfaceId,,,
AssignPrivateIpAddresses,ID: requestParameters.networkInterfaceId,,,
AssociateDhcpOptions,ID: requestParameters.dhcpOptionsId,,,
AssociateRouteTable,ID: requestParameters.routeTableId,,,
AssociateSubnetCidrBlock,ID: requestParameters.AssociateSubnetCidrBlockRequest.SubnetId,,,
AssociateVpcCidrBlock,ID: requestParameters.AssociateVpcCidrBlockRequest.VpcId,,,
AttachInternetGateway,ID: requestParameters.internetGatewayId,,,
AttachNetworkInterface,ID: requestParameters.networkInterfaceId,,,
AuthorizeSecurityGroupEgress,ID: requestParameters.groupId,,,
AuthorizeSecurityGroupIngress,ID: requestParameters.groupName,,,
CreateDefaultSubnet,,ID: responseElements.CreateDefaultSubnetResponse.subnet.subnetId,,
CreateDefaultVpc,,ID: responseElements.CreateDefaultSubnetResponse.vpc.vpcId,,
CreateDhcpOptions,,ID: responseElements.dhcpOptions.dhcpOptionsId,,
CreateEgressOnlyInternetGateway,,ID: responseElements.CreateEgressOnlyInternetGatewayResponse.egressOnlyInternetGateway.egressOnlyInternetGatewayId,,
CreateFlowLogs,,ID: responseElements.CreateFlowLogsResponse.flowLogIdSet.item[*],,
CreateInternetGateway,,ID: responseElements.internetGateway.internetGatewayId,,
CreateManagedPrefixList,,"Name: responseElements.CreateManagedPrefixListResponse.prefixList.prefixListName
ARN: responseElements.CreateManagedPrefixListResponse.prefixList.prefixListArn
ID: responseElements.CreateManagedPrefixListResponse.prefixList.prefixListId",,
CreateNatGateway,,ID: responseElements.CreateNatGatewayResponse.natGateway.natGatewayId,,
CreateNetworkAcl,,ID: responseElements.networkAcl.networkAclId,,
CreateNetworkAclEntry,ID: requestParameters.networkAclId,,,
CreateNetworkInterface,,ID: responseElements.networkInterface.networkInterfaceId,,
CreateNetworkInterfacePermission,ID: requestParameters.CreateNetworkInterfacePermissionRequest.NetworkInterfaceId,ID: responseElements.CreateNetworkInterfacePermissionResponse.interfacePermission.networkInterfacePermissionId,,
CreateRoute,ID: requestParameters.routeTableId,,,
CreateRouteTable,ID: requestParameters.VpcId,ID: responseElements.routeTable.routeTableId,,
CreateSecurityGroup,Name: requestParameters.GroupName,ID: responseElements.groupId,,
CreateSubnet,ID: requestParameters.VpcId,"ID: responseElements.subnet.subnetId
ARN: responseElements.subnet.subnetArn",,
CreateSubnetCidrReservation,ID: requestParameters.CreateSubnetCidrReservationRequest.SubnetId,ID: responseElements.CreateSubnetCidrReservationResponse.subnetCidrReservation.subnetCidrReservationId,,
CreateTrafficMirrorFilter,,ID: responseElements.CreateTrafficMirrorFilterResponse.trafficMirrorFilter.trafficMirrorFilterId,,
CreateTrafficMirrorFilterRule,ID: requestParameters.CreateTrafficMirrorFilterRuleRequest.TrafficMirrorFilterId,ID: responseElements.CreateTrafficMirrorFilterRuleResponse.trafficMirrorFilterRule.trafficMirrorFilterRuleId,,
CreateTrafficMirrorSession,,ID: responseElements.CreateTrafficMirrorSessionResponse.trafficMirrorSession.trafficMirrorSessionId,,
CreateTrafficMirrorTarget,,ID: responseElements.CreateTrafficMirrorTargetResponse.trafficMirrorTarget.trafficMirrorTargetId,,
CreateVpc,,ID: responseElements.vpc.vpcId,,
CreateVpcEndpoint,ID: requestParameters.CreateVpcEndpointRequest.VpcId,ID: responseElements.CreateVpcEndpointResponse.vpcEndpoint.vpcEndpointId,,
CreateVpcEndpointConnectionNotification,ARN: requestParameters.CreateVpcEndpointConnectionNotificationRequest.VpcEndpointId,,This is for SNS Topic,
CreateVpcEndpointServiceConfiguration,,"ID: responseElements.CreateVpcEndpointServiceConfigurationResponse.serviceConfiguration.serviceId
Name: responseElements.CreateVpcEndpointServiceConfigurationResponse.serviceConfiguration.serviceName",,
CreateVpcPeeringConnection,ID: requestParameters.vpcId,ID: responseElements.vpcPeeringConnection.vpcPeeringConnectionId,,
DeleteDhcpOptions,ID: requestParameters.dhcpOptionsId,,,
DeleteEgressOnlyInternetGateway,ID: requestParameters.DeleteEgressOnlyInternetGatewayRequest.EgressOnlyInternetGatewayId,,,
DeleteFlowLogs,ID: requestParameters.flowLogId.content,,,
DeleteInternetGateway,ID: requestParameters.internetGatewayId,,,
DeleteManagedPrefixList,ID: requestParameters.DeleteManagedPrefixListRequest.PrefixListId,"Name: responseElements.DeleteManagedPrefixListResponse.prefixList.prefixListName
ARN: responseElements.DeleteManagedPrefixListResponse.prefixList.prefixListArn
ID: responseElements.DeleteManagedPrefixListResponse.prefixList.prefixListId",,
DeleteNatGateway,ID: requestParameters.DeleteNatGatewayRequest.NatGatewayId,ID: responseElements.DeleteNatGatewayResponse.NatGatewayId,,
DeleteNetworkAcl,ID: requestParameters.networkAclId,,,
DeleteNetworkAclEntry,ID: requestParameters.networkAclId,,,
DeleteNetworkInterface,ID: requestParameters.networkInterfaceId,,,
DeleteNetworkInterfacePermission,ID: requestParameters.DeleteNetworkInterfacePermissionRequest.NetworkInterfacePermissionId,,,
DeleteRoute,ID: requestParameters.routeTableId,,,
DeleteRouteTable,ID: requestParameters.routeTableId,,,
DeleteSecurityGroup,"ID: requestParameters.groupId
Name: requestParameters.groupName",,,
DeleteSubnet,ID: requestParameters.subnetId,,,
DeleteSubnetCidrReservation,ID: requestParameters.DeleteSubnetCidrReservationRequest.SubnetCidrReservationId,,,
DeleteTrafficMirrorFilter,ID: requestParameters.DeleteTrafficMirrorFilterRequest.TrafficMirrorFilterId,,,
DeleteTrafficMirrorFilterRule,ID: requestParameters.DeleteTrafficMirrorFilterRuleRequest.TrafficMirrorFilterRuleId,,,
DeleteTrafficMirrorSession,ID: requestParameters.DeleteTrafficMirrorSessionRequest.TrafficMirrorSessionId,,,
DeleteTrafficMirrorTarget,ID: requestParameters.DeleteTrafficMirrorTarget.TrafficMirrorTargetId,,,
DeleteVpc,ID: requestParameters.vpcId,,,
DeleteVpcEndpointConnectionNotifications,ID: requestParameters.DeleteVpcEndpointConnectionNotificationsRequest.ConnectionNotificationId[*].content,,,
DeleteVpcEndpoints,ID: requestParameters.DeleteVpcEndpointsRequest.VpcEndpointId.content,,,
DeleteVpcEndpointServiceConfigurations,ID: requestParameters.DeleteVpcEndpointServiceConfigurationsRequest.ServiceId.content,,,
DeleteVpcPeeringConnection,ID: requestParameters.vpcPeeringConnectionId,,,
DetachInternetGateway,ID: requestParameters.internetGatewayId,,,
DetachNetworkInterface,ID: requestParameters.AttachmentId,,,
DisassociateRouteTable,ID: requestParameters.associationId,,,
DisassociateSubnetCidrBlock,ID: requestParameters.DisassociateSubnetCidrBlockRequest.AssociationId,,,
DisassociateVpcCidrBlock,ID: requestParameters.DisassociateVpcCidrBlockResponse.AssociationId,,,
ModifyManagedPrefixList,"ID: requestParameters.ModifyManagedPrefixListRequest.PrefixListId
NAME: requestParameters.ModifyManagedPrefixListRequest.PrefixListName","Name: responseElements.ModifyManagedPrefixListResponse.prefixList.prefixListName
ARN: responseElements.ModifyManagedPrefixListResponse.prefixList.prefixListArn
ID: responseElements.ModifyManagedPrefixListResponse.prefixList.prefixListId",,
ModifyNetworkInterfaceAttribute,ID: requestParameters.networkInterfaceId,,,
ModifySecurityGroupRules,ID: requestParameters.ModifySecurityGroupRulesRequest.GroupId,,,
ModifySubnetAttribute,ID: requestParameters.subnetId,,,
ModifyTrafficMirrorFilterNetworkServices,ID: requestParameters.ModifyTrafficMirrorFilterNetworkServicesRequest.TrafficMirrorFilterId,,,
ModifyTrafficMirrorFilterRule,ID: requestParameters.ModifyTrafficMirrorFilterRuleRequest.TrafficMirrorFilterRuleId,,,
ModifyTrafficMirrorSession,ID: requestParameters.ModifyTrafficMirrorSessionRequest.TrafficMirrorSessionId,,,
ModifyVpcAttribute,ID: requestParameters.vpcId,,,
ModifyVpcEndpoint,ID: requestParameters.ModifyVpcEndpointRequest.VpcEndpointId,,,
ModifyVpcEndpointConnectionNotification,ID: requestParameters.ModifyVpcEndpointConnectionNotificationRequest.ConnectionNotificationId,,,
ModifyVpcEndpointServiceConfiguration,ID: requestParameters.ModifyVpcEndpointServiceConfigurationRequest.ServiceId,,,
ModifyVpcEndpointServicePayerResponsibility,ID: requestParameters.ModifyVpcEndpointServicePayerResponsibilityRequest.ServiceId,,,
ModifyVpcEndpointServicePermissions,ID: requestParameters.ModifyVpcEndpointServicePermissionsRequest.ServiceId,,,
ModifyVpcPeeringConnectionOptions,ID: requestParameters.ModifyVpcPeeringConnectionOptionsRequest.VpcPeeringConnectionId,,,
ModifyVpcTenancy,ID: requestParameters.ModifyVpcTenancyRequest.VpcId,,,
RejectVpcEndpointConnections,ID: requestParameters.RejectVpcEndpointConnectionsRequest.VpcEndpointId[*].content,,,
RejectVpcPeeringConnection,ID: requestParameters.vpcPeeringConnectionId,,,
ReplaceNetworkAclAssociation,ID: requestParameters.networkAclId,,,
ReplaceNetworkAclEntry,ID: requestParameters.networkAclId,,,
ReplaceRoute,ID: requestParameters.routeTableId,,,
ReplaceRouteTableAssociation,ID: requestParameters.routeTableId,,,
ResetNetworkInterfaceAttribute,ID: requestParameters.networkInterfaceId,,,
RestoreManagedPrefixListVersion,ID: requestParameters.RestoreManagedPrefixListVersionRequest.PrefixListId,ARN: responseElements.RestoreManagedPrefixListVersionResponse.prefixList.prefixListArn,,
RevokeSecurityGroupEgress,ID: requestParameters.groupId,,,
RevokeSecurityGroupIngress,"ID: requestParameters.groupId
Name: requestParameters.groupName",,,
StartVpcEndpointServicePrivateDnsVerification,ID: requestParameters.StartVpcEndpointServicePrivateDnsVerificationRequest.ServiceId,,,
UnassignIpv6Addresses,ID: requestParameters.UnassignIpv6AddressesRequest.NetworkInterfaceId,,,
UnassignPrivateIpAddresses,ID: requestParameters.networkInterfaceId,,,
UpdateSecurityGroupRuleDescriptionsEgress,"ID: requestParameters.UpdateSecurityGroupRuleDescriptionsEgressRequest.GroupId
Name: ID: requestParameters.UpdateSecurityGroupRuleDescriptionsEgressRequest.GroupName",,,
UpdateSecurityGroupRuleDescriptionsIngress,"ID: requestParameters.UpdateSecurityGroupRuleDescriptionsIngressRequest.GroupId
Name: requestParameters.UpdateSecurityGroupRuleDescriptionsIngressRequest.GroupName",,,
AcceptTransitGatewayMulticastDomainAssociations,ID: requestParameters.AcceptTransitGatewayMulticastDomainAssociationsRequest.TransitGatewayMulticastDomainId,,,
AcceptTransitGatewayPeeringAttachment,ID: requestParameters.AcceptTransitGatewayPeeringAttachmentRequest.TransitGatewayAttachmentId,,,
AcceptTransitGatewayVpcAttachment,ID: requestParameters.AcceptTransitGatewayVpcAttachmentRequest.TransitGatewayAttachmentId,,,
AssociateTransitGatewayMulticastDomain,ID: requestParameters.AssociateTransitGatewayMulticastDomainRequest.TransitGatewayMulticastDomainId,,,
AssociateTransitGatewayPolicyTable,ID: requestParameters.AssociateTransitGatewayPolicyTableRequest.TransitGatewayPolicyTableId,,,
AssociateTransitGatewayRouteTable,ID: requestParameters.AssociateTransitGatewayRouteTableRequest.TransitGatewayRouteTableId,,,
CreateTransitGateway,,"ARN: responseElements.CreateTransitGatewayResponse.transitGateway.transitGatewayArn
ID: responseElements.CreateTransitGatewayResponse.transitGateway.transitGatewayId",,
CreateTransitGatewayConnect,ID: requestParameters.CreateTransitGatewayConnectRequest.TransportTransitGatewayAttachmentId,ID: responseElements.CreateTransitGatewayConnectResponse.transitGatewayConnect.transitGatewayAttachmentId,,
CreateTransitGatewayConnectPeer,ID: requestParameters.CreateTransitGatewayConnectPeerRequest.TransitGatewayAttachmentId,,,
CreateTransitGatewayMulticastDomain,ID: requestParameters.CreateTransitGatewayMulticastDomainRequest.TransitGatewayId,"ARN: responseElements.CreateTransitGatewayMulticastDomainResponse.transitGatewayMulticastDomain.transitGatewayMulticastDomainArn
ID: responseElements.CreateTransitGatewayMulticastDomainResponse.transitGatewayMulticastDomain.transitGatewayMulticastDomainId",,
CreateTransitGatewayPeeringAttachment,ID: requestParameters.CreateTransitGatewayPeeringAttachmentRequest.TransitGatewayId,,,
CreateTransitGatewayPolicyTable,ID: requestParameters.CreateTransitGatewayPolicyTableRequest.TransitGatewayId,ID: responseElements.CreateTransitGatewayPolicyTableResponse.transitGatewayPolicyTable.transitGatewayPolicyTableId,,
CreateTransitGatewayPrefixListReference,ID: requestParameters.CreateTransitGatewayPrefixListReferenceRequest.TransitGatewayRouteTableId,,,
CreateTransitGatewayRoute,ID: requestParameters.CreateTransitGatewayRouteRequest.TransitGatewayRouteTableId,,,
CreateTransitGatewayRouteTable,ID: requestParameters.CreateTransitGatewayRouteTableRequest.TransitGatewayId,ID: responseElements.CreateTransitGatewayRouteTableResponse.transitGatewayRouteTable.transitGatewayRouteTableId,,
CreateTransitGatewayRouteTableAnnouncement,ID: requestParameters.CreateTransitGatewayRouteTableAnnouncementRequest.TransitGatewayRouteTableId,,,
CreateTransitGatewayVpcAttachment,ID: requestParametersCreateTransitGatewayVpcAttachmentRequest.TransitGatewayId,ID: responseElements.CreateTransitGatewayVpcAttachmentResponse.transitGatewayVpcAttachment.transitGatewayAttachmentId,,
DeleteTransitGateway,ID: requestParameters.DeleteTransitGatewayRequest.TransitGatewayId,ARN: responseElements.DeleteTransitGatewayResponse.transitGateway.transitGatewayArn,,
DeleteTransitGatewayConnect,ID: requestParameters.DeleteTransitGatewayConnectRequest.TransitGatewayAttachmentId,ID: responseElements.DeleteTransitGatewayConnectResponse.transitGatewayConnect.transitGatewayAttachmentId,,
DeleteTransitGatewayConnectPeer,ID: requestParameters.DeleteTransitGatewayConnectPeerRequest.TransitGatewayConnectPeerId,,,
DeleteTransitGatewayMulticastDomain,ID: requestParameters.DeleteTransitGatewayMulticastDomainRequest.TransitGatewayMulticastDomainId,"ARN: responseElements.DeleteTransitGatewayMulticastDomainResponse.transitGatewayMulticastDomain.transitGatewayMulticastDomainArn
ID: responseElements.DeleteTransitGatewayMulticastDomainResponse.transitGatewayMulticastDomain.transitGatewayMulticastDomainId",,
DeleteTransitGatewayPeeringAttachment,ID: requestParameters.DeleteTransitGatewayPeeringAttachmentResponse.TransitGatewayAttachmentId,,,
DeleteTransitGatewayPolicyTable,ID: requestParameters.DeleteTransitGatewayPolicyTableRequest.TransitGatewayPolicyTableId,ID: responseElements.DeleteTransitGatewayPolicyTableResponse.transitGatewayId,,
DeleteTransitGatewayPrefixListReference,ID: requestParameters.DeleteTransitGatewayPrefixListReferenceRequest.TransitGatewayRouteTableId,,,
DeleteTransitGatewayRoute,ID: requestParameters.DeleteTransitGatewayRouteRequest.TransitGatewayRouteTableId,,,
DeleteTransitGatewayRouteTable,ID: requestParameters.DeleteTransitGatewayRouteTableRequest.TransitGatewayRouteTableId,ID: responseElements.DeleteTransitGatewayRouteTableResponse.transitGatewayRouteTable.transitGatewayRouteTableId,,
DeleteTransitGatewayRouteTableAnnouncement,ID: requestParameters.DeleteTransitGatewayRouteTableAnnouncementRequest.TransitGatewayRouteTableAnnouncementId,,,
DeleteTransitGatewayVpcAttachment,ID: requestParameters.DeleteTransitGatewayVpcAttachmentRequest.TransitGatewayAttachmentId,ID: responseElements.DeleteTransitGatewayVpcAttachmentResponse.transitGatewayVpcAttachment.transitGatewayVpcAttachmentId,,
DeregisterTransitGatewayMulticastGroupMembers,ID: requestParameters.DeregisterTransitGatewayMulticastGroupMembersRequest.TransitGatewayMulticastDomainId,,,
DeregisterTransitGatewayMulticastGroupSources,ID: requestParameters.DeregisterTransitGatewayMulticastGroupSourcesRequest.TransitGatewayMulticastDomainId,,,
DisableTransitGatewayRouteTablePropagation,ID: requestParameters.DisableTransitGatewayRouteTablePropagationRequest.TransitGatewayRouteTableId,,,
DisassociateTransitGatewayMulticastDomain,ID: requestParameters.DisassociateTransitGatewayMulticastDomainRequest.TransitGatewayMulticastDomainId,,,
DisassociateTransitGatewayPolicyTable,ID: requestParameters.DisassociateTransitGatewayPolicyTableRequest.TransitGatewayPolicyTableId,,,
DisassociateTransitGatewayRouteTable,ID: requestParameters.DisassociateTransitGatewayRouteTableRequest.TransitGatewayRouteTableId,,,
EnableTransitGatewayRouteTablePropagation,ID: requestParameters.EnableTransitGatewayRouteTablePropagationRequest.TransitGatewayRouteTableId,,,
ExportTransitGatewayRoutes,ID: requestParameters.ExportTransitGatewayRoutesRequest.TransitGatewayRouteTableId,,,
ModifyTransitGateway,ID: requestParameters.ModifyTransitGatewayRequest.TransitGatewayId,,,
ModifyTransitGatewayPrefixListReference,ID: requestParameters.ModifyTransitGatewayPrefixListReferenceRequest.TransitGatewayRouteTableId,,,
ModifyTransitGatewayVpcAttachment,ID: requestParameters.ModifyTransitGatewayVpcAttachmentRequest.TransitGatewayAttachmentId,ID: responseElements.ModifyTransitGatewayVpcAttachmentResponse.transitGatewayVpcAttachment.transitGatewayAttachmentId,,
RegisterTransitGatewayMulticastGroupMembers,ID: requestParameters.RegisterTransitGatewayMulticastGroupMembersRequest.TransitGatewayMulticastDomainId,,,
RegisterTransitGatewayMulticastGroupSources,ID: requestParameters.RegisterTransitGatewayMulticastGroupSourcesRequest.TransitGatewayMulticastDomainId,,,
RejectTransitGatewayMulticastDomainAssociations,ID: requestParameters.RejectTransitGatewayMulticastDomainAssociationsRequest.TransitGatewayMulticastDomainId,,,
RejectTransitGatewayPeeringAttachment,ID: requestParameters.RejectTransitGatewayPeeringAttachmentRequest.TransitGatewayAttachmentId,,,
RejectTransitGatewayVpcAttachment,ID: requestParameters.RejectTransitGatewayVpcAttachmentRequest.TransitGatewayAttachmentId,,,
ReplaceTransitGatewayRoute,ID: requestParameters.ReplaceTransitGatewayRouteRequest.TransitGatewayRouteTableId,,,
SearchTransitGatewayMulticastGroups,ID: requestParameters.SearchTransitGatewayMulticastGroupsRequest.TransitGatewayMulticastDomainId,,,
SearchTransitGatewayRoutes,ID: requestParameters.SearchTransitGatewayRoutesRequest.TransitGatewayRouteTableId,,,
AcceptAddressTransfer,,ID: responseElements.AcceptAddressTransferResponse.addressTransfer.allocationId,,
AcceptReservedInstancesExchangeQuote,ID: requestParameters.AcceptReservedInstancesExchangeQuoteRequest.ReservedInstanceId[*].content,,,
AdvertiseByoipCidr,ID: requestParameters.AdvertiseByoipCidrRequest.Cidr,,,
AllocateAddress,,ID: responseElements.allocationId,,
AllocateHosts,,ID: responseElements.AllocateHostsResponse.hostIdSet[*],,
AssociateAddress,ID: requestParameters.instanceId,,,
AssociateIamInstanceProfile,ID: requestParameters.AssociateIamInstanceProfileRequest.InstanceId,,,
AssociateInstanceEventWindow,ID: requestParameters.AssociateInstanceEventWindowRequest.InstanceEventWindowId,,,
BundleInstance,ID: requestParameters.instanceId,,,
CancelBundleTask,ID: requestParameters.bundleId,ID: responseElements.instanceId,,
CancelCapacityReservation,ID: requestParameters.CancelCapacityReservation.CapacityReservationId,,,
CancelCapacityReservationFleets,ID: requestParameters.CancelCapacityReservationFleets.CapacityReservationFleetId[*].content,,,
CancelImageLaunchPermission,ID: requestParameters.CancelImageLaunchPermission.ImageId,,,
CancelReservedInstancesListing,ID: requestParameters.reservedInstancesListingId,,,
CancelSpotFleetRequests,ID: requestParameters.CancelSpotFleetRequests.SpotFleetRequestId[*].content,,,
CancelSpotInstanceRequests,ID: requestParameters.spotInstanceRequestIdSet.items[*].spotInstanceRequestId,,,
ConfirmProductInstance,ID: requestParameters.instanceId,,,
CopyFpgaImage,ID: requestParameters.CopyFpgaImage.SourceFpgaImageId,,,
CopyImage,ID: requestParameters.sourceImageId,,,
CreateCapacityReservation,,ARN: responseElements.CreateCapacityReservationResponse.capacityReservation.capacityReservationArn,,
CreateCapacityReservationFleet,,ID: responseElements.CreateCapacityReservationFleetResponse.capacityReservationFleetId,,
CreateFleet,,ID: responseElements.CreateFleetResponse.fleetId,,
CreateFpgaImage,Name: requestParameters.CreateFpgaImageRequest.Name,ID: responseElements.CreateFpgaImageResponse.fpgaImageId,,
CreateImage,,ID: responseElements.imageId,,
CreateInstanceConnectEndpoint,,ARN: responseElements.CreateInstanceConnectEndpointResponse.instanceConnectEndpoint.instanceConnectEndpointArn,,
CreateInstanceEventWindow,,ID: responseElements.CreateInstanceEventWindowResponse.instanceEventWindow.instanceEventWindowId,,
CreateKeyPair,,ID: responseElements.keyPairId,,
CreateLaunchTemplate,Name: requestParameters.CreateLaunchTemplateRequest.LaunchTemplateName,ID: responseElements.CreateLaunchTemplateResponse.launchTemplate.launchTemplateId,,
CreateLaunchTemplateVersion,"ID: requestParameters.CreateLaunchTemplateVersionRequest.LaunchTemplateId
Name: ID: requestParameters.CreateLaunchTemplateVersionRequest.LaunchTemplateName",,,
CreatePlacementGroup,Name: requestParameters.groupName,"ARN: responseElements.placementGroup.groupArn
ID: responseElements.placementGroup.groupId",,
CreateReservedInstancesListing,ID: requestParameters.reservedInstancesId,,,
CreateRestoreImageTask,,ID: responseElements.CreateRestoreImageTaskResponse.imageId,,
CreateSpotDatafeedSubscription,Name: requestParameters.bucket,,,
CreateStoreImageTask,ID: requestParameters.CreateStoreImageTask.ImageId,,,
CreateTags,ID: requestParameters.resourcesSet.items[*].resourceId,,,
DeleteFleets,ID: requestParameters.DeleteFleetsRequest.FleetId[*].content,,,
DeleteInstanceConnectEndpoint,ID: requestParameters.DeleteInstanceConnectEndpointRequest.InstanceConnectEndpointId,ARN: responseElements.DeleteInstanceConnectEndpointResponse.instanceConnectEndpoint.instanceConnectEndpointArn,,
DeleteInstanceEventWindow,ID: requestParameters.DeleteInstanceEventWindow.InstanceEventWindowId,,,
DeleteKeyPair,"ID: requestParameters.keyPairId
Name: requestParameters.keyName",,,
DeleteLaunchTemplate,ID: requestParameters.DeleteLaunchTemplateRequest.LaunchTemplateId,,,
DeleteLaunchTemplateVersions,"Name: requestParameters.DeleteLaunchTemplateVersionsRequest.LaunchTemplateName
ID: requestParameters.DeleteLaunchTemplateVersionsRequest.LaunchTemplateId",,,
DeletePlacementGroup,Name: requestParameters.groupName,,,
DeleteQueuedReservedInstances,ID: requestParameters.DeleteQueuedReservedInstancesRequest.ReservedInstancesId[*].content,,,
DeleteSpotDatafeedSubscription,,,,
DeleteTags,ID: requestParameters.resourcesSet.items[*].resourceId,,,
DeprovisionByoipCidr,ID: requestParameters.DeprovisionByoipCidrRequest.Cidr,,,
DeregisterImage,ID: requestParameters.imageId,,,
DeregisterInstanceEventNotificationAttributes,ID: requestParameters.DeregisterInstanceEventNotificationAttributesRequest.InstanceTagAttribute.InstanceTagKeys,,,
DisableAddressTransfer,ID: requestParameters.DisableAddressTransferRequest.AllocationId,,,
DisableFastLaunch,ID: requestParameters.DisableFastLaunchRequest.ImageId,,,
DisableImageDeprecation,ID: requestParameters.DisableImageDeprecationRequest.ImageId,,,
DisableSerialConsoleAccess,,,,
DisassociateAddress,,,,
DisassociateIamInstanceProfile,ID: requestParameters.DisassociateIamInstanceProfileRequest.AssociationId,ID: responseElements.DisassociateIamInstanceProfileResponse.iamInstanceProfileAssociation.instanceId,,
DisassociateInstanceEventWindow,ID: requestParameters.DisassociateInstanceEventWindowRequest.InstanceEventWindowId,,,
EnableAddressTransfer,ID: requestParameters.EnableAddressTransferRequest.AllocationId,,,
EnableFastLaunch,ID: requestParameters.EnableFastLaunchRequest.ImageId,,,
EnableImageDeprecation,ID: requestParameters.EnableImageDeprecationRequest.ImageId,,,
EnableSerialConsoleAccess,,,,
ImportKeyPair,Name: requestParameters.keyName,ID: responseElements.keyPairId,,
ModifyAddressAttribute,ID: requestParameters.ModifyAddressAttributeRequest.AllocationId,,,
ModifyAvailabilityZoneGroup,ID: requestParameters.ModifyAvailabilityZoneGroupRequest.GroupName,,,
ModifyCapacityReservation,ID: requestParameters.ModifyCapacityReservationRequest.CapacityReservationId,,,
ModifyCapacityReservationFleet,ID: requestParameters.ModifyCapacityReservationFleetRequest.CapacityReservationFleetId,,,
ModifyDefaultCreditSpecification,,,,
ModifyFleet,ID: requestParameters.ModifyFleetRequest.FleetId,,,
ModifyFpgaImageAttribute,ID: requestParameters.ModifyFpgaImageAttributeRequest.FpgaImageId,,,
ModifyHosts,ID: requestParameters.ModifyHostsRequest.HostId[*].content,,,
ModifyIdentityIdFormat,ARN: requestParameters.ModifyIdentityIdFormatRequest.PrincipalArn,,,
ModifyIdFormat,Name: requestParameters.resource,,,
ModifyImageAttribute,ID: requestParameters.imageId,,,
ModifyInstanceAttribute,ID: requestParameters.instanceId,,,
ModifyInstanceCapacityReservationAttributes,ID: requestParameters.ModifyInstanceCapacityReservationAttributesRequest.InstanceId,,,
ModifyInstanceCreditSpecification,,,,
ModifyInstanceEventStartTime,ID: requestParameters.ModifyInstanceEventStartTimeRequest.InstanceId,,,
ModifyInstanceEventWindow,ID: requestParameters.ModifyInstanceEventWindowRequest.InstanceEventWindowId,,,
ModifyInstanceMaintenanceOptions,ID: requestParameters.ModifyInstanceMaintenanceOptionsRequest.InstanceId,,,
ModifyInstanceMetadataOptions,ID: requestParameters.ModifyInstanceMetadataOptionsRequest.InstanceId,,,
ModifyInstancePlacement,ID: requestParameters.ModifyInstancePlacementRequest.InstanceId,,,
ModifyLaunchTemplate,"Name: requestParameters.ModifyLaunchTemplateRequest.LaunchTemplateName
ID: requestParameters.ModifyLaunchTemplateRequest.LaunchTemplateId",,,
ModifyPrivateDnsNameOptions,ID: requestParameters.ModifyPrivateDnsNameOptionsRequest.InstanceId,,,
ModifyReservedInstances,ID: requestParameters.reservedInstancesSet.items[*].reservedInstancesId,,,
ModifySpotFleetRequest,ID: requestParameters.ModifySpotFleetRequestRequest.SpotFleetRequestId,,,
MonitorInstances,ID: requestParameters.instanceSet.items[*].instanceId,,,
ProvisionByoipCidr,ID: requestParameters.ProvisionByoipCidrRequest.Cidr,,,
PurchaseHostReservation,ID: requestParameters.PurchaseHostReservationRequest.HostIdSet[*].content,,,
PurchaseReservedInstancesOffering,ID: requestParameters.reservedInstancesOfferingId,,,
PurchaseScheduledInstances,,ID: responseElements.scheduledInstanceSet[*].scheduledInstanceId,,
RebootInstances,ID: requestParameters.instanceSet.items[*].instanceId,,,
RegisterImage,,ID: responseElements.imageId,,
RegisterInstanceEventNotificationAttributes,ID: requestParameters.RegisterInstanceEventNotificationAttributesRequest.InstanceTagAttribute.InstanceTagKeys,,,
ReleaseAddress,ID: requestParameters.allocationId,,,
ReleaseHosts,ID: requestParameters.ReleaseHostsRequest.HostId[*].content,,,
ReplaceIamInstanceProfileAssociation,ARN: requestParameters.ReplaceIamInstanceProfileAssociationRequest.IamInstanceProfile.Arn,,,
ReportInstanceStatus,ID: requestParameters.instancesSet.items[*].instanceId,,,
RequestSpotFleet,,ID: responseElements.RequestSpotFleetResponse.spotFleetRequestId,,
RequestSpotInstances,,ID: responseElements.spotInstanceRequestSet.items[*].spotInstanceRequestId,,
ResetAddressAttribute,ID: requestParameters.ResetAddressAttributeRequest.AllocationId,,,
ResetFpgaImageAttribute,ID: requestParameters.ResetFpgaImageAttributeRequest.FpgaImageId,,,
ResetImageAttribute,ID: requestParameters.imageId,,,
ResetInstanceAttribute,ID: requestParameters.instanceId,,,
RunInstances,,ID: responseElements.instancesSet.items[*].instanceId,,
RunScheduledInstances,ID: requestParameters.RunScheduledInstancesRequest.ScheduledInstanceId,,,
SendDiagnosticInterrupt,ID: requestParameters.SendDiagnosticInterruptRequest.InstanceId,,,
StartInstances,ID: requestParameters.instancesSet.items[*].instanceId,,,
StopInstances,ID: requestParameters.instancesSet.items[*].instanceId,,,
TerminateInstances,ID: requestParameters.instancesSet.items[*].instanceId,,,
UnmonitorInstances,ID: requestParameters.instanceSet.items[*].instanceId,,,
WithdrawByoipCidr,ID: requestParameters.WithdrawByoipCidrRequest.Cidr,,,
DisableEbsEncryptionByDefault,,,,
EnableEbsEncryptionByDefault,,,,
ModifyEbsDefaultKmsKeyId,ID: requestParameters.ModifyEbsDefaultKmsKeyIdRequest.KmsKeyId,,,
ResetEbsDefaultKmsKeyId,,ID: responseElements.ResetEbsDefaultKmsKeyIdResponse.kmsKeyId,,
DisableFastSnapshotRestores,ID: requestParameters.DisableFastSnapshotRestoresRequest.SourceSnapshotId[*].content,,,
EnableFastSnapshotRestores,ID: requestParameters.EnableFastSnapshotRestoresRequest.SourceSnapshotId[*].content,,,
CopySnapshot,ID: requestParameters.sourceSnapshotId,ID: responseElements.snapshotId,,
CreateSnapshot,,ID: responseElements.snapshotId,,
CreateSnapshots,,ID: responseElements.CreateSnapshotsResponse.snapshotSet.item[*].snapshotId,,
DeleteSnapshot,ID: requestParameters.snapshotId,,,
ModifySnapshotAttribute,ID: requestParameters.snapshotId,,,
ModifySnapshotTier,ID: requestParameters.ModifySnapshotTierRequest.SnapshotId,,,
ResetSnapshotAttribute,ID: requestParameters.snapshotId,,,
RestoreSnapshotTier,ID: requestParameters.RestoreSnapshotTierRequest.SnapshotId,,,
AttachVolume,ID: requestParameters.volumeId,,,
CreateReplaceRootVolumeTask,ID: requestParameters.CreateReplaceRootVolumeTask.InstanceId,,,
CreateVolume,,ID: responseElements.volumeId,,
DeleteVolume,ID: requestParameters.volumeId,,,
DetachVolume,ID: requestParameters.volumeId,,,
EnableVolumeIO,ID: requestParameters.volumeId,,,
ModifyVolume,ID: requestParameters.ModifyVolumeRequest.VolumeId,,,
ModifyVolumeAttribute,ID: requestParameters.volumeId,,,
CreateCustomerGateway,,ID: responseElements.customerGateway.customerGatewayId,,
DeleteCustomerGateway,ID: requestParameters.customerGatewayId,,,
AttachVpnGateway,ID: requestParameters.vpnGatewayId,,,
CreateVpnGateway,,ID: responseElements.vpnGateway.vpnGatewayId,,
DeleteVpnGateway,ID: requestParameters.vpnGatewayId,,,
DetachVpnGateway,ID: requestParameters.vpnGatewayId,,,
DisableVgwRoutePropagation,ID: requestParameters.gatewayId,,,
EnableVgwRoutePropagation,ID: requestParameters.gatewayId,,,
CreateVpnConnection,,ID: responseElements.vpnConnection.vpnConnectionId,,
CreateVpnConnectionRoute,ID: requestParameters.vpnConnectionId,,,
DeleteVpnConnection,ID: requestParameters.vpnConnectionId,,,
DeleteVpnConnectionRoute,ID: requestParameters.vpnConnectionId,,,
ModifyVpnConnection,ID: requestParameters.ModifyVpnConnectionRequest.VpnConnectionId,,,
ModifyVpnConnectionOptions,ID: requestParameters.ModifyVpnConnectionOptionsRequest.VpnConnectionId,,,
ModifyVpnTunnelCertificate,ID: requestParameters.ModifyVpnTunnelCertificateRequest.VpnConnectionId,,,
ModifyVpnTunnelOptions,ID: requestParameters.ModifyVpnTunnelOptionsRequest.VpnConnectionId,,,
ReplaceVpnTunnel,ID: requestParameters.ReplaceVpnTunnelRequest.VpnConnectionId,,,
