Service,Resource Type,Operation Name,Activity Type,Description,Origin,IsDataAction
Microsoft Compute,Availability Sets,Create or Update Availability Set,Microsoft.Compute/availabilitySets/write,Creates a new availability set or updates an existing one,"user,system",FALSE
Microsoft Compute,Availability Sets,Delete Availability Set,Microsoft.Compute/availabilitySets/delete,Deletes the availability set,"user,system",FALSE
Microsoft Compute,Availability Sets,Get Availablity Set,Microsoft.Compute/availabilitySets/read,Get the properties of an availability set,"user,system",FALSE
Microsoft Compute,Available Compute Operations,List Available Compute Operations,Microsoft.Compute/operations/read,Lists operations available on Microsoft.Compute resource provider,"user,system",FALSE
Microsoft Compute,Capacity Reservation Groups,Create or Update Capacity Reservation Group,Microsoft.Compute/capacityReservationGroups/write,Creates a new capacity reservation group or updates an existing capacity reservation group,"user,system",FALSE
Microsoft Compute,Capacity Reservation Groups,Delete Capacity Reservation Group,Microsoft.Compute/capacityReservationGroups/delete,Deletes the capacity reservation group,"user,system",FALSE
Microsoft Compute,Capacity Reservation Groups,Deploy a new VM/VMSS using Capacity Reservation Group,Microsoft.Compute/capacityReservationGroups/deploy/action,Deploy a new VM/VMSS using Capacity Reservation Group,"user,system",FALSE
Microsoft Compute,Capacity Reservation Groups,Get Capacity Reservation Group,Microsoft.Compute/capacityReservationGroups/read,Get the properties of a capacity reservation group,"user,system",FALSE
Microsoft Compute,Capacity Reservation Groups,Share the Capacity Reservation Group,Microsoft.Compute/capacityReservationGroups/share/action,Share the Capacity Reservation Group with one or more Subscriptionss,"user,system",FALSE
Microsoft Compute,Capacity Reservations,Create or Update Capacity Reservation,Microsoft.Compute/capacityReservationGroups/capacityReservations/write,Creates a new capacity reservation or updates an existing capacity reservation,"user,system",FALSE
Microsoft Compute,Capacity Reservations,Delete Capacity Reservation,Microsoft.Compute/capacityReservationGroups/capacityReservations/delete,Deletes the capacity reservation,"user,system",FALSE
Microsoft Compute,Capacity Reservations,Get Capacity Reservation,Microsoft.Compute/capacityReservationGroups/capacityReservations/read,Get the properties of a capacity reservation,"user,system",FALSE
Microsoft Compute,CapsOperation,Get Caps Operation,Microsoft.Compute/locations/capsOperations/read,Gets the status of an asynchronous Caps operation,"user,system",FALSE
Microsoft Compute,Cloud Service Instance View.,Gets the status of a CloudService.,Microsoft.Compute/cloudServices/instanceView/read,Gets the status of a CloudService.,"user,system",FALSE
Microsoft Compute,Cloud Service Resource,Create or Update CloudService.,Microsoft.Compute/cloudServices/write,Created a new CloudService or Update an existing one.,"user,system",FALSE
Microsoft Compute,Cloud Service Resource,Delete the CloudService.,Microsoft.Compute/cloudServices/delete,Deletes the CloudService.,"user,system",FALSE
Microsoft Compute,Cloud Service Resource,Deletes role instances in a CloudService.,Microsoft.Compute/cloudServices/delete/action,Deletes role instances in a CloudService.,"user,system",FALSE
Microsoft Compute,Cloud Service Resource,Get CloudService.,Microsoft.Compute/cloudServices/read,Get the properties of a CloudService.,"user,system",FALSE
Microsoft Compute,Cloud Service Resource,Power off the CloudService.,Microsoft.Compute/cloudServices/poweroff/action,Power off the CloudService.,"user,system",FALSE
Microsoft Compute,Cloud Service Resource,Rebuilds all the disks in the role instances in a CloudService.,Microsoft.Compute/cloudServices/rebuild/action,Reimage all the  role instances in a CloudService.,"user,system",FALSE
Microsoft Compute,Cloud Service Resource,Reimage one or more role instances in a CloudService.,Microsoft.Compute/cloudServices/reimage/action,Rebuilds all the disks in the role instances in a CloudService.,"user,system",FALSE
Microsoft Compute,Cloud Service Resource,Restarts one or more role instances in a CloudService.,Microsoft.Compute/cloudServices/restart/action,Restarts one or more role instances in a CloudService.,"user,system",FALSE
Microsoft Compute,Cloud Service Resource,Starts the CloudService.,Microsoft.Compute/cloudServices/start/action,Starts the CloudService.,"user,system",FALSE
Microsoft Compute,Cloud Service Role Instance,Deletes a RoleInstance from CloudService.,Microsoft.Compute/cloudServices/roleInstances/delete,Deletes a RoleInstance from CloudService.,"user,system",FALSE
Microsoft Compute,Cloud Service Role Instance,Gets a RoleInstance from CloudService.,Microsoft.Compute/cloudServices/roleInstances/read,Gets a RoleInstance from CloudService.,"user,system",FALSE
Microsoft Compute,Cloud Service Role Instance,Rebuild all the disks in a CloudService.,Microsoft.Compute/cloudServices/roleInstances/rebuild/action,Rebuild all the disks in a CloudService.,"user,system",FALSE
Microsoft Compute,Cloud Service Role Instance,Reimage a role instance of a CloudService.,Microsoft.Compute/cloudServices/roleInstances/reimage/action,Reimage a role instance of a CloudService.,"user,system",FALSE
Microsoft Compute,Cloud Service Role Instance,Restart a role instance of a CloudService,Microsoft.Compute/cloudServices/roleInstances/restart/action,Restart a role instance of a CloudService,"user,system",FALSE
Microsoft Compute,Cloud Service RoleInstance Instance View.,Gets the status of a role instance from a CloudService.,Microsoft.Compute/cloudServices/roleInstances/instanceView/read,Gets the status of a role instance from a CloudService.,"user,system",FALSE
Microsoft Compute,Cloud Service Update Domains.,Gets a list of all update domains in a CloudService.,Microsoft.Compute/cloudServices/updateDomains/read,Gets a list of all update domains in a CloudService.,"user,system",FALSE
Microsoft Compute,Cloud Services Metric Defintion.,Gets the CloudService metrics definition,Microsoft.Compute/cloudServices/providers/Microsoft.Insights/metricDefinitions/read,Gets the CloudService metrics definition,system,FALSE
Microsoft Compute,CloudService OS Families,Read Cloud Service OS Family,Microsoft.Compute/locations/cloudServiceOsFamilies/read,Read any guest OS Family that can be specified in the XML service configuration (.cscfg) for a Cloud Service.,"user,system",FALSE
Microsoft Compute,CloudService OS Versions,Read Cloud Service OS Version,Microsoft.Compute/locations/cloudServiceOsVersions/read,Read any guest OS Version that can be specified in the XML service configuration (.cscfg) for a Cloud Service.,"user,system",FALSE
Microsoft Compute,CloudService Roles,Gets a role from a CloudService.,Microsoft.Compute/cloudServices/roles/read,Gets a role from a CloudService.,"user,system",FALSE
Microsoft Compute,CloudService Roles,Scale instances in a Role,Microsoft.Compute/cloudServices/roles/write,Scale instances in a Role,"user,system",FALSE
Microsoft Compute,CloudService Roles Diagnostic Settings,Read the diagnostic setting,Microsoft.Compute/cloudServices/roles/providers/Microsoft.Insights/diagnosticSettings/read,Gets the diagnostic setting for the CloudService Roles.,system,FALSE
Microsoft Compute,CloudService Roles Diagnostic Settings,Write diagnostic setting,Microsoft.Compute/cloudServices/roles/providers/Microsoft.Insights/diagnosticSettings/write,Creates or updates the diagnostic setting for the CloudService Roles,system,FALSE
Microsoft Compute,CloudService Roles Metric Definitions,Gets the CloudService Roles Metric Definitions,Microsoft.Compute/cloudServices/roles/providers/Microsoft.Insights/metricDefinitions/read,Gets the CloudService Roles Metric Definitions,system,FALSE
Microsoft Compute,CloudServices Diagnostic Settings,Read the diagnostic setting,Microsoft.Compute/cloudServices/providers/Microsoft.Insights/diagnosticSettings/read,Gets the diagnostic setting for the CloudService.,system,FALSE
Microsoft Compute,CloudServices Diagnostic Settings,Write diagnostic setting,Microsoft.Compute/cloudServices/providers/Microsoft.Insights/diagnosticSettings/write,Creates or updates the diagnostic setting for the CloudService.,system,FALSE
Microsoft Compute,Community Gallery,Get Community Gallery,Microsoft.Compute/locations/communityGalleries/read,Get the properties of a Community Gallery,"user,system",FALSE
Microsoft Compute,Community Gallery Image,Get Community Gallery Image,Microsoft.Compute/locations/communityGalleries/images/read,Get the properties of a Community Gallery Image,"user,system",FALSE
Microsoft Compute,Community Gallery Image Version,Get Community Gallery Image Version,Microsoft.Compute/locations/communityGalleries/images/versions/read,Get the properties of a Community Gallery Image Version,"user,system",FALSE
Microsoft Compute,Compute Register Subscription,Register Subscription for Compute,Microsoft.Compute/register/action,Registers Subscription with Microsoft.Compute resource provider,"user,system",FALSE
Microsoft Compute,Compute Register Subscription,Unregister Subscription for Compute,Microsoft.Compute/unregister/action,Unregisters Subscription with Microsoft.Compute resource provider,"user,system",FALSE
Microsoft Compute,DiagnosticOperations,Gets Compute DiagnsoticOperation,Microsoft.Compute/locations/diagnosticOperations/read,Gets status of a Compute Diagnostic operation,"user,system",FALSE
Microsoft Compute,Diagnostics,Generate Recommendations Diagnostic,Microsoft.Compute/locations/diagnostics/generate/action,Create a request for generating recommendations,"user,system",FALSE
Microsoft Compute,Diagnostics,Get Compute Diagnostics,Microsoft.Compute/locations/diagnostics/read,Gets the properties of all available Compute Disgnostics,"user,system",FALSE
Microsoft Compute,Diagnostics,Get DiskInspection Diagnostics,Microsoft.Compute/locations/diagnostics/diskInspection/read,Gets the properties of DiskInspection Diagnostic,"user,system",FALSE
Microsoft Compute,Diagnostics,Run Diagnostics,Microsoft.Compute/locations/diagnostics/run/action,Create a request for running Diagnostics,"user,system",FALSE
Microsoft Compute,DiskAccess PrivateEndpointConnection Approval,Auto Approve PrivateEndpointConnections,Microsoft.Compute/diskAccesses/privateEndpointConnectionsApproval/action,Auto Approve a Private Endpoint Connection,"user,system",FALSE
Microsoft Compute,DiskAccess PrivateEndpointConnection proxies,Create PrivateEndpointConnectionProxy,Microsoft.Compute/diskAccesses/privateEndpointConnectionProxies/write,Create a new Private Endpoint Connection Proxy,"user,system",FALSE
Microsoft Compute,DiskAccess PrivateEndpointConnection proxies,Delete PrivateEndpointConnectionProxy,Microsoft.Compute/diskAccesses/privateEndpointConnectionProxies/delete,Delete a Private Endpoint Connection Proxy,"user,system",FALSE
Microsoft Compute,DiskAccess PrivateEndpointConnection proxies,Get PrivateEndpointConnectionProxy,Microsoft.Compute/diskAccesses/privateEndpointConnectionProxies/read,Get the properties of a private endpoint connection proxy,"user,system",FALSE
Microsoft Compute,DiskAccess PrivateEndpointConnection proxies,Validate PrivateEndpointConnectionProxy,Microsoft.Compute/diskAccesses/privateEndpointConnectionProxies/validate/action,Validate a Private Endpoint Connection Proxy object,"user,system",FALSE
Microsoft Compute,DiskAccess PrivateEndpointConnections,Approve or Reject PrivateEndpointConnection,Microsoft.Compute/diskAccesses/privateEndpointConnections/write,Approve or Reject a Private Endpoint Connection,"user,system",FALSE
Microsoft Compute,DiskAccess PrivateEndpointConnections,Delete PrivateEndpointConnection,Microsoft.Compute/diskAccesses/privateEndpointConnections/delete,Delete a Private Endpoint Connection,"user,system",FALSE
Microsoft Compute,DiskAccess PrivateEndpointConnections,Get PrivateEndpointConnection,Microsoft.Compute/diskAccesses/privateEndpointConnections/read,Get a Private Endpoint Connection,"user,system",FALSE
Microsoft Compute,DiskAccesses,Create or Update DiskAccess,Microsoft.Compute/diskAccesses/write,Create a new DiskAccess resource or update an existing one,"user,system",FALSE
Microsoft Compute,DiskAccesses,Delete DiskAccess,Microsoft.Compute/diskAccesses/delete,Delete a DiskAccess resource,"user,system",FALSE
Microsoft Compute,DiskAccesses,Get DiskAccess,Microsoft.Compute/diskAccesses/read,Get the properties of DiskAccess resource,"user,system",FALSE
Microsoft Compute,DiskEncryptionSets,Create or update disk encryption set,Microsoft.Compute/diskEncryptionSets/write,Create a new disk encryption set or update an existing one,"user,system",FALSE
Microsoft Compute,DiskEncryptionSets,Delete disk encryption set,Microsoft.Compute/diskEncryptionSets/delete,Delete a disk encryption set,"user,system",FALSE
Microsoft Compute,DiskEncryptionSets,Get disk encryption set,Microsoft.Compute/diskEncryptionSets/read,Get the properties of a disk encryption set,"user,system",FALSE
Microsoft Compute,DiskOperation,Get Disk Operation,Microsoft.Compute/locations/diskOperations/read,Gets the status of an asynchronous Disk operation,"user,system",FALSE
Microsoft Compute,DiskRestorePoint,Get incremental DiskRestorePoint,Microsoft.Compute/restorePointCollections/restorePoints/diskRestorePoints/read,Get the properties of an incremental DiskRestorePoint,"user,system",FALSE
Microsoft Compute,DiskRestorePoint,Get incremental DiskRestorePoint SAS URI,Microsoft.Compute/restorePointCollections/restorePoints/diskRestorePoints/beginGetAccess/action,Get the SAS URI of the incremental DiskRestorePoint,"user,system",FALSE
Microsoft Compute,DiskRestorePoint,Revoke incremental DiskRestorePoint SAS URI,Microsoft.Compute/restorePointCollections/restorePoints/diskRestorePoints/endGetAccess/action,Revoke the SAS URI of the incremental DiskRestorePoint,"user,system",FALSE
Microsoft Compute,Disks,Create or Update Disk,Microsoft.Compute/disks/write,Creates a new Disk or updates an existing one,"user,system",FALSE
Microsoft Compute,Disks,Delete Disk,Microsoft.Compute/disks/delete,Deletes the Disk,"user,system",FALSE
Microsoft Compute,Disks,Disk export data operation,Microsoft.Compute/disks/download/action,Perform read data operations on Disk SAS Uri,"user,system",TRUE
Microsoft Compute,Disks,Disk upload data operation,Microsoft.Compute/disks/upload/action,Perform write data operations on Disk SAS Uri,"user,system",TRUE
Microsoft Compute,Disks,Get Disk,Microsoft.Compute/disks/read,Get the properties of a Disk,"user,system",FALSE
Microsoft Compute,Disks,Get Disk SAS URI,Microsoft.Compute/disks/beginGetAccess/action,Get the SAS URI of the Disk for blob access,"user,system",FALSE
Microsoft Compute,Disks,Revoke Disk SAS URI,Microsoft.Compute/disks/endGetAccess/action,Revoke the SAS URI of the Disk,"user,system",FALSE
Microsoft Compute,Extensions for Virtual Machines in Virtual Machine Scale Set,Create or Update extension for Virtual Machine in Virtual Machine Scale Set,Microsoft.Compute/virtualMachineScaleSets/virtualMachines/extensions/write,Creates a new extension for Virtual Machine in Virtual Machine Scale Set or updates an existing one,"user,system",FALSE
Microsoft Compute,Extensions for Virtual Machines in Virtual Machine Scale Set,Delete extension for Virtual Machine in Virtual Machine Scale Set,Microsoft.Compute/virtualMachineScaleSets/virtualMachines/extensions/delete,Deletes the extension for Virtual Machine in Virtual Machine Scale Set,"user,system",FALSE
Microsoft Compute,Extensions for Virtual Machines in Virtual Machine Scale Set,Get extension for Virtual Machine in Virtual Machine Scale Set,Microsoft.Compute/virtualMachineScaleSets/virtualMachines/extensions/read,Get the properties of an extension for Virtual Machine in Virtual Machine Scale Set,"user,system",FALSE
Microsoft Compute,Galleries,Create or Update Gallery,Microsoft.Compute/galleries/write,Creates a new Gallery or updates an existing one,"user,system",FALSE
Microsoft Compute,Galleries,Delete Gallery,Microsoft.Compute/galleries/delete,Deletes the Gallery,"user,system",FALSE
Microsoft Compute,Galleries,Get Gallery,Microsoft.Compute/galleries/read,Gets the properties of Gallery,"user,system",FALSE
Microsoft Compute,Galleries,Share Gallery,Microsoft.Compute/galleries/share/action,Shares a Gallery to different scopes,"user,system",FALSE
Microsoft Compute,GalleryApplicationVersions,Create or Update Gallery Application Version,Microsoft.Compute/galleries/applications/versions/write,Creates a new Gallery Application Version or updates an existing one,"user,system",FALSE
Microsoft Compute,GalleryApplicationVersions,Delete Gallery Application Version,Microsoft.Compute/galleries/applications/versions/delete,Deletes the Gallery Application Version,"user,system",FALSE
Microsoft Compute,GalleryApplicationVersions,Get Gallery Application Version,Microsoft.Compute/galleries/applications/versions/read,Gets the properties of Gallery Application Version,"user,system",FALSE
Microsoft Compute,GalleryApplications,Create or Update Gallery Application,Microsoft.Compute/galleries/applications/write,Creates a new Gallery Application or updates an existing one,"user,system",FALSE
Microsoft Compute,GalleryApplications,Delete Gallery Application,Microsoft.Compute/galleries/applications/delete,Deletes the Gallery Application,"user,system",FALSE
Microsoft Compute,GalleryApplications,Get Gallery Application,Microsoft.Compute/galleries/applications/read,Gets the properties of Gallery Application,"user,system",FALSE
Microsoft Compute,GalleryImageVersions,Create or Update Gallery Image Version,Microsoft.Compute/galleries/images/versions/write,Creates a new Gallery Image Version or updates an existing one,"user,system",FALSE
Microsoft Compute,GalleryImageVersions,Delete Gallery Image Version,Microsoft.Compute/galleries/images/versions/delete,Deletes the Gallery Image Version,"user,system",FALSE
Microsoft Compute,GalleryImageVersions,Get Gallery Image Version,Microsoft.Compute/galleries/images/versions/read,Gets the properties of Gallery Image Version,"user,system",FALSE
Microsoft Compute,GalleryImages,Create or Update Gallery Image,Microsoft.Compute/galleries/images/write,Creates a new Gallery Image or updates an existing one,"user,system",FALSE
Microsoft Compute,GalleryImages,Delete Gallery Image,Microsoft.Compute/galleries/images/delete,Deletes the Gallery Image,"user,system",FALSE
Microsoft Compute,GalleryImages,Get Gallery Image,Microsoft.Compute/galleries/images/read,Gets the properties of Gallery Image,"user,system",FALSE
Microsoft Compute,GalleryRemoteContainerImages,Create or Update Gallery Remote Container Image,Microsoft.Compute/galleries/remoteContainerImages/write,Creates a new Gallery Remote Container Image or updates an existing one,"user,system",FALSE
Microsoft Compute,GalleryRemoteContainerImages,Delete Gallery Remote Container Image,Microsoft.Compute/galleries/remoteContainerImages/delete,Deletes the Gallery Remote Container Image,"user,system",FALSE
Microsoft Compute,GalleryRemoteContainerImages,Get Gallery Remote Container Image SAS URI,Microsoft.Compute/galleries/remoteContainerImages/beginGetAccess/action,Get the SAS URI of the Gallery Remote Container Image for blob access,"user,system",FALSE
Microsoft Compute,GalleryRemoteContainerImages,Read Gallery Remote Container Image,Microsoft.Compute/galleries/remoteContainerImages/read,Gets the properties of Gallery Remote Container Image,"user,system",FALSE
Microsoft Compute,GalleryServiceArtifacts,Create or Update Gallery Service Artifact,Microsoft.Compute/galleries/serviceArtifacts/write,Creates a new Gallery Service Artifact or updates an existing one,"user,system",FALSE
Microsoft Compute,GalleryServiceArtifacts,Delete Gallery Service Artifact,Microsoft.Compute/galleries/serviceArtifacts/delete,Deletes the Gallery Service Artifact,"user,system",FALSE
Microsoft Compute,GalleryServiceArtifacts,Get Gallery Service Artifact,Microsoft.Compute/galleries/serviceArtifacts/read,Gets the properties of Gallery Service Artifact,"user,system",FALSE
Microsoft Compute,Host Groups,Create or Update Host Group,Microsoft.Compute/hostGroups/write,Creates a new host group or updates an existing host group,"user,system",FALSE
Microsoft Compute,Host Groups,Delete Host Group,Microsoft.Compute/hostGroups/delete,Deletes the host group,"user,system",FALSE
Microsoft Compute,Host Groups,Get Host Group,Microsoft.Compute/hostGroups/read,Get the properties of a host group,"user,system",FALSE
Microsoft Compute,Host Size,Lists Available Host Sizes,Microsoft.Compute/hostGroups/hosts/hostSizes/read,Lists available sizes the host can be updated to. NOTE: The dedicated host sizes provided can be used to only scale up the existing dedicated host.,"user,system",FALSE
Microsoft Compute,Hosts,Create or Update Host,Microsoft.Compute/hostGroups/hosts/write,Creates a new host or updates an existing host,"user,system",FALSE
Microsoft Compute,Hosts,Delete Host,Microsoft.Compute/hostGroups/hosts/delete,Deletes the host,"user,system",FALSE
Microsoft Compute,Hosts,Get Host,Microsoft.Compute/hostGroups/hosts/read,Get the properties of a host,"user,system",FALSE
Microsoft Compute,Hosts,Restart Host,Microsoft.Compute/hostGroups/hosts/restart,Restarts the host,"user,system",FALSE
Microsoft Compute,IP address created using Virtual Machine Scale Set,Get public IP address created using Virtual Machine Scale Set. Virtual Machine Scale Set can create at most one public IP per ipconfiguration (private IP),Microsoft.Compute/virtualMachineScaleSets/virtualMachines/networkInterfaces/ipConfigurations/publicIPAddresses/read,Get properties of public IP address created using Virtual Machine Scale Set. Virtual Machine Scale Set can create at most one public IP per ipconfiguration (private IP),"user,system",FALSE
Microsoft Compute,IP configurations of a network interface created using Virtual Machine Scale Set,Get one or all IP configurations of a network interface created using Virtual Machine Scale Set. IP configurations represent private IPs,Microsoft.Compute/virtualMachineScaleSets/virtualMachines/networkInterfaces/ipConfigurations/read,Get properties of one or all IP configurations of a network interface created using Virtual Machine Scale Set. IP configurations represent private IPs,"user,system",FALSE
Microsoft Compute,Images,Create or Update Image,Microsoft.Compute/images/write,Creates a new Image or updates an existing one,"user,system",FALSE
Microsoft Compute,Images,Delete Image,Microsoft.Compute/images/delete,Deletes the image,"user,system",FALSE
Microsoft Compute,Images,Get Image,Microsoft.Compute/images/read,Get the properties of the Image,"user,system",FALSE
Microsoft Compute,Instance View of Virtual Machine in Scale Set,Gets Instance View of a Virtual Machine in a Virtual Machine Scale Set,Microsoft.Compute/virtualMachineScaleSets/virtualMachines/instanceView/read,Retrieves the instance view of a Virtual Machine in a VM Scale Set.,"user,system",FALSE
Microsoft Compute,Log Analytics,Create logs to show aggregates of throttled requests,Microsoft.Compute/locations/logAnalytics/getThrottledRequests/action,"Create logs to show aggregates of throttled requests grouped by ResourceName, OperationName, or the applied Throttle Policy.","user,system",FALSE
Microsoft Compute,Log Analytics,Create logs to show total requests by time interval,Microsoft.Compute/locations/logAnalytics/getRequestRateByInterval/action,Create logs to show total requests by time interval to aid throttling diagnostics.,"user,system",FALSE
Microsoft Compute,Network interfaces of a Virtual Machine Scale Set,Get all network interfaces of a Virtual Machine Scale Set,Microsoft.Compute/virtualMachineScaleSets/networkInterfaces/read,Get properties of all network interfaces of a Virtual Machine Scale Set,"user,system",FALSE
Microsoft Compute,Network interfaces of a virtual machine created using Virtual Machine Scale Set,Get effective route table on network interface of a virtual machine created using Virtual Machine Scale Set,Microsoft.Compute/virtualMachineScaleSets/virtualMachines/networkInterfaces/getEffectiveRouteTable/action,Get properties of effective route table on network interface of a virtual machine created using Virtual Machine Scale Set,"user,system",FALSE
Microsoft Compute,Network interfaces of a virtual machine created using Virtual Machine Scale Set,Get effective security groups on network interface of a virtual machine created using Virtual Machine Scale Set,Microsoft.Compute/virtualMachineScaleSets/virtualMachines/networkInterfaces/getEffectiveSecurityGroups/action,Get properties of effective security groups on network interface of a virtual machine created using Virtual Machine Scale Set,"user,system",FALSE
Microsoft Compute,Network interfaces of a virtual machine created using Virtual Machine Scale Set,Get one or all network interfaces of a virtual machine created using Virtual Machine Scale Set,Microsoft.Compute/virtualMachineScaleSets/virtualMachines/networkInterfaces/read,Get properties of one or all network interfaces of a virtual machine created using Virtual Machine Scale Set,"user,system",FALSE
Microsoft Compute,Operation,Get Operation,Microsoft.Compute/locations/operations/read,Gets the status of an asynchronous operation,"user,system",FALSE
Microsoft Compute,Operation for Virtual Machine Scale Set with the Virtual Machine Runtime Service Extension,Get Operation for Virtual Machine Scale Set with the Virtual Machine Runtime Service Extension,Microsoft.Compute/locations/vsmOperations/read,Gets the status of an asynchronous operation for Virtual Machine Scale Set with the Virtual Machine Runtime Service Extension,"user,system",FALSE
Microsoft Compute,Patch Assessment Results,Summarizes latest patch assessment operation results,Microsoft.Compute/virtualMachines/patchAssessmentResults/latest/read,Retrieves the summary of the latest patch assessment operation,"user,system",FALSE
Microsoft Compute,Patch Assessment Software Patches Results,Lists all patches assessed in patch assessment operation,Microsoft.Compute/virtualMachines/patchAssessmentResults/latest/softwarePatches/read,Retrieves list of patches assessed during the last patch assessment operation,"user,system",FALSE
Microsoft Compute,Patch Installation Results,Summarizes latest patch installation operation results,Microsoft.Compute/virtualMachines/patchInstallationResults/read,Retrieves the summary of the latest patch installation operation,"user,system",FALSE
Microsoft Compute,Patch Installation Software Patches Results,Lists all patches considered in patch installation operation,Microsoft.Compute/virtualMachines/patchInstallationResults/softwarePatches/read,Retrieves list of patches attempted to be installed during the last patch installation operation,"user,system",FALSE
Microsoft Compute,PlacementScores,Generate Placement Scores,Microsoft.Compute/locations/placementScores/generate/action,Create a request for generating Placement Scores,"user,system",FALSE
Microsoft Compute,Platform Image Offers,Get Platform Image Offer,Microsoft.Compute/locations/publishers/artifacttypes/offers/read,Get the properties of a Platform Image Offer,"user,system",FALSE
Microsoft Compute,Platform Image Offers in an edge zone,Get Platform Image Offer in an edge zone,Microsoft.Compute/locations/edgeZones/publishers/artifacttypes/offers/read,Get the properties of a Platform Image Offer in an edge zone,"user,system",FALSE
Microsoft Compute,Platform Image Skus,Get Platform Image Sku,Microsoft.Compute/locations/publishers/artifacttypes/offers/skus/read,Get the properties of a Platform Image Sku,"user,system",FALSE
Microsoft Compute,Platform Image Skus in an edge zone,Get Platform Image Sku in an edge zone,Microsoft.Compute/locations/edgeZones/publishers/artifacttypes/offers/skus/read,Get the properties of a Platform Image Sku in an edge zone,"user,system",FALSE
Microsoft Compute,Platform Image Versions,Get Platform Image Version,Microsoft.Compute/locations/publishers/artifacttypes/offers/skus/versions/read,Get the properties of a Platform Image Version,"user,system",FALSE
Microsoft Compute,Platform Image Versions in an edge zone,Get Platform Image Version in an edge zone,Microsoft.Compute/locations/edgeZones/publishers/artifacttypes/offers/skus/versions/read,Get the properties of a Platform Image Version in an edge zone,"user,system",FALSE
Microsoft Compute,Platform Image Versions in an edge zone,Get all Platform Image Version in an edge zone across publishers,Microsoft.Compute/locations/edgeZones/vmimages/read,Get the properties of Platform Image Version in an edge zone across publishers,"user,system",FALSE
Microsoft Compute,PrivateEndpointConnectionProxy AzureAsyncOperation,Get PrivateEndpointConnectionProxy Operation,Microsoft.Compute/locations/privateEndpointConnectionProxyAzureAsyncOperation/read,Get the status of asynchronous Private Endpoint Connection Proxy operation,"user,system",FALSE
Microsoft Compute,PrivateEndpointConnectionProxyOperation Results,Get PrivateEndpointConnectionProxyOperationResults,Microsoft.Compute/locations/privateEndpointConnectionProxyOperationResults/read,Get the results of Private Endpoint Connection Proxy operation,"user,system",FALSE
Microsoft Compute,Proximity Placement Groups,Create or Update Proximity Placement Group,Microsoft.Compute/proximityPlacementGroups/write,Creates a new Proximity Placement Group or updates an existing one,"user,system",FALSE
Microsoft Compute,Proximity Placement Groups,Delete Proximity Placement Group,Microsoft.Compute/proximityPlacementGroups/delete,Deletes the Proximity Placement Group,"user,system",FALSE
Microsoft Compute,Proximity Placement Groups,Get Proximity Placement Group,Microsoft.Compute/proximityPlacementGroups/read,Get the Properties of a Proximity Placement Group,"user,system",FALSE
Microsoft Compute,Public IP addresses of a Virtual Machine Scale Set,Get all public IP addresses of a Virtual Machine Scale Set,Microsoft.Compute/virtualMachineScaleSets/publicIPAddresses/read,Get properties of all public IP addresses of a Virtual Machine Scale Set,"user,system",FALSE
Microsoft Compute,Publishers,Get Publisher,Microsoft.Compute/locations/publishers/read,Get the properties of a Publisher,"user,system",FALSE
Microsoft Compute,Publishers in an edge zone,Get Publisher in an edge zone,Microsoft.Compute/locations/edgeZones/publishers/read,Get the properties of a Publisher in an edge zone,"user,system",FALSE
Microsoft Compute,Restore Point Collections,Create or Update Restore Point Collection,Microsoft.Compute/restorePointCollections/write,Creates a new restore point collection or updates an existing one,"user,system",FALSE
Microsoft Compute,Restore Point Collections,Delete Restore Point Collection,Microsoft.Compute/restorePointCollections/delete,Deletes the restore point collection and contained restore points,"user,system",FALSE
Microsoft Compute,Restore Point Collections,Get Restore Point Collection,Microsoft.Compute/restorePointCollections/read,Get the properties of a restore point collection,"user,system",FALSE
Microsoft Compute,Restore Points,Create Restore Point,Microsoft.Compute/restorePointCollections/restorePoints/write,Creates a new restore point,"user,system",FALSE
Microsoft Compute,Restore Points,Delete Restore Point,Microsoft.Compute/restorePointCollections/restorePoints/delete,Deletes the restore point,"user,system",FALSE
Microsoft Compute,Restore Points,Get Restore Point,Microsoft.Compute/restorePointCollections/restorePoints/read,Get the properties of a restore point,"user,system",FALSE
Microsoft Compute,Restore Points,Get Restore Point along with blob SAS URIs,Microsoft.Compute/restorePointCollections/restorePoints/retrieveSasUris/action,Get the properties of a restore point along with blob SAS URIs,"user,system",FALSE
Microsoft Compute,Run Commands,Lists Run Commands,Microsoft.Compute/locations/runCommands/read,Lists available run commands in location,"user,system",FALSE
Microsoft Compute,RunCommands for Virtual Machines in Virtual Machine Scale Set,Create or Update run command for Virtual Machine in Virtual Machine Scale Set,Microsoft.Compute/virtualMachineScaleSets/virtualMachines/runCommands/write,Creates a new run command for Virtual Machine in Virtual Machine Scale Set or updates an existing one,"user,system",FALSE
Microsoft Compute,RunCommands for Virtual Machines in Virtual Machine Scale Set,Delete run command for Virtual Machine in Virtual Machine Scale Set,Microsoft.Compute/virtualMachineScaleSets/virtualMachines/runCommands/delete,Deletes the run command for Virtual Machine in Virtual Machine Scale Set,"user,system",FALSE
Microsoft Compute,RunCommands for Virtual Machines in Virtual Machine Scale Set,Get run command for Virtual Machine in Virtual Machine Scale Set,Microsoft.Compute/virtualMachineScaleSets/virtualMachines/runCommands/read,Get the properties of a run command for Virtual Machine in Virtual Machine Scale Set,"user,system",FALSE
Microsoft Compute,SSH Public Keys,Create or Update SSH Public Key,Microsoft.Compute/sshPublicKeys/write,Creates a new SSH public key or updates an existing SSH public key,"user,system",FALSE
Microsoft Compute,SSH Public Keys,Delete SSH Public Key,Microsoft.Compute/sshPublicKeys/delete,Deletes the SSH public key,"user,system",FALSE
Microsoft Compute,SSH Public Keys,Generate SSH Key Pair,Microsoft.Compute/sshPublicKeys/generateKeyPair/action,Generates a new SSH public/private key pair,"user,system",FALSE
Microsoft Compute,SSH Public Keys,Get SSH Public Key,Microsoft.Compute/sshPublicKeys/read,Get the properties of an SSH public key,"user,system",FALSE
Microsoft Compute,Shared Gallery,Get Shared Gallery,Microsoft.Compute/locations/sharedGalleries/read,Get the properties of a Shared Gallery,"user,system",FALSE
Microsoft Compute,Shared Gallery Image,Get Shared Gallery Image,Microsoft.Compute/locations/sharedGalleries/images/read,Get the properties of a Shared Gallery Image,"user,system",FALSE
Microsoft Compute,Shared Gallery Image Version,Get Shared Gallery Image Version,Microsoft.Compute/locations/sharedGalleries/images/versions/read,Get the properties of a Shared Gallery Image Version,"user,system",FALSE
Microsoft Compute,SharedVMExtensionVersions,Create or Update Shared VM Extension Version,Microsoft.Compute/sharedVMExtensions/versions/write,Creates a new Shared VM Extension Version or updates an existing one,"user,system",FALSE
Microsoft Compute,SharedVMExtensionVersions,Delete Shared VM Extension Version,Microsoft.Compute/sharedVMExtensions/versions/delete,Deletes the Shared VM Extension Version,"user,system",FALSE
Microsoft Compute,SharedVMExtensionVersions,Get Shared VM Extension Version,Microsoft.Compute/sharedVMExtensions/versions/read,Gets the properties of Shared VM Extension Version,"user,system",FALSE
Microsoft Compute,SharedVMExtensions,Create or Update Shared VM Extension,Microsoft.Compute/sharedVMExtensions/write,Creates a new Shared VM Extension or updates an existing one,"user,system",FALSE
Microsoft Compute,SharedVMExtensions,Delete Shared VM Extension,Microsoft.Compute/sharedVMExtensions/delete,Deletes the Shared VM Extension,"user,system",FALSE
Microsoft Compute,SharedVMExtensions,Get Shared VM Extension,Microsoft.Compute/sharedVMExtensions/read,Gets the properties of Shared VM Extension,"user,system",FALSE
Microsoft Compute,SharedVMImageVersions,Create or Update SharedVMImageVersion,Microsoft.Compute/sharedVMImages/versions/write,Create a new SharedVMImageVersion or update an existing one,"user,system",FALSE
Microsoft Compute,SharedVMImageVersions,Delete SharedVMImageVersion,Microsoft.Compute/sharedVMImages/versions/delete,Delete a SharedVMImageVersion,"user,system",FALSE
Microsoft Compute,SharedVMImageVersions,Get SharedVMImageVersion,Microsoft.Compute/sharedVMImages/versions/read,Get the properties of a SharedVMImageVersion,"user,system",FALSE
Microsoft Compute,SharedVMImageVersions,Replicate SharedVMImageVersion,Microsoft.Compute/sharedVMImages/versions/replicate/action,Replicate a SharedVMImageVersion to target regions,"user,system",FALSE
Microsoft Compute,SharedVMImages,Create or Update SharedVMImage,Microsoft.Compute/sharedVMImages/write,Creates a new SharedVMImage or updates an existing one,"user,system",FALSE
Microsoft Compute,SharedVMImages,Delete SharedVMImage,Microsoft.Compute/sharedVMImages/delete,Deletes the SharedVMImage,"user,system",FALSE
Microsoft Compute,SharedVMImages,Get SharedVMImage,Microsoft.Compute/sharedVMImages/read,Get the properties of a SharedVMImage,"user,system",FALSE
Microsoft Compute,Skus,Gets the list of Microsoft.Compute SKUs available for your Subscription,Microsoft.Compute/skus/read,Gets the list of Microsoft.Compute SKUs available for your Subscription,"user,system",FALSE
Microsoft Compute,Snapshots,Create or Update Snapshot,Microsoft.Compute/snapshots/write,Create a new Snapshot or update an existing one,"user,system",FALSE
Microsoft Compute,Snapshots,Delete Snapshot,Microsoft.Compute/snapshots/delete,Delete a Snapshot,"user,system",FALSE
Microsoft Compute,Snapshots,Get Snapshot,Microsoft.Compute/snapshots/read,Get the properties of a Snapshot,"user,system",FALSE
Microsoft Compute,Snapshots,Get Snapshot SAS URI,Microsoft.Compute/snapshots/beginGetAccess/action,Get the SAS URI of the Snapshot for blob access,"user,system",FALSE
Microsoft Compute,Snapshots,Revoke Snapshot SAS URI,Microsoft.Compute/snapshots/endGetAccess/action,Revoke the SAS URI of the Snapshot,"user,system",FALSE
Microsoft Compute,Snapshots,Snapshot export data operation,Microsoft.Compute/snapshots/download/action,Perform read data operations on Snapshot SAS Uri,"user,system",TRUE
Microsoft Compute,Snapshots,Snapshot upload data operation,Microsoft.Compute/snapshots/upload/action,Perform write data operations on Snapshot SAS Uri,"user,system",TRUE
Microsoft Compute,The log definition of Virtual Machine,Get Virtual Machine log definitions,Microsoft.Compute/virtualMachines/providers/Microsoft.Insights/logDefinitions/read,Gets the available logs for Virtual Machine.,system,FALSE
Microsoft Compute,The log definition of Virtual Machine Scale Sets,Get Virtual Machine Scale Set log definitions,Microsoft.Compute/virtualMachineScaleSets/providers/Microsoft.Insights/logDefinitions/read,Gets the available logs for Virtual Machine Scale Sets.,system,FALSE
Microsoft Compute,Usage Metrics,Get Usage Metrics,Microsoft.Compute/locations/usages/read,Gets service limits and current usage quantities for the subscription's compute resources in a location,"user,system",FALSE
Microsoft Compute,VMExtension Types,Get VMExtension Type,Microsoft.Compute/locations/publishers/artifacttypes/types/read,Get the properties of a VMExtension Type,"user,system",FALSE
Microsoft Compute,VMExtension Versions,Get VMExtension Version,Microsoft.Compute/locations/publishers/artifacttypes/types/versions/read,Get the properties of a VMExtension Version,"user,system",FALSE
Microsoft Compute,Virtual Machine,Read diagnostic setting,Microsoft.Compute/virtualMachines/providers/Microsoft.Insights/diagnosticSettings/read,Gets the diagnostic setting for the Virtual Machine.,system,FALSE
Microsoft Compute,Virtual Machine,Write diagnostic setting,Microsoft.Compute/virtualMachines/providers/Microsoft.Insights/diagnosticSettings/write,Creates or updates the diagnostic setting for the Virtual Machine.,system,FALSE
Microsoft Compute,Virtual Machine Extensions,Create or Update Virtual Machine Extension,Microsoft.Compute/virtualMachines/extensions/write,Creates a new virtual machine extension or updates an existing one,"user,system",FALSE
Microsoft Compute,Virtual Machine Extensions,Delete Virtual Machine Extension,Microsoft.Compute/virtualMachines/extensions/delete,Deletes the virtual machine extension,"user,system",FALSE
Microsoft Compute,Virtual Machine Extensions,Get Virtual Machine Extension,Microsoft.Compute/virtualMachines/extensions/read,Get the properties of a virtual machine extension,"user,system",FALSE
Microsoft Compute,Virtual Machine Instance View,Get Virtual Machine Instance View,Microsoft.Compute/virtualMachines/instanceView/read,Gets the detailed runtime status of the virtual machine and its resources,"user,system",FALSE
Microsoft Compute,Virtual Machine Metric Definitions,Get Virtual Machine Metric Definitions,Microsoft.Compute/virtualMachines/providers/Microsoft.Insights/metricDefinitions/read,Reads Virtual Machine Metric Definitions,system,FALSE
Microsoft Compute,Virtual Machine RunCommands,Create or Update Virtual Machine run command,Microsoft.Compute/virtualMachines/runCommands/write,Creates a new virtual machine run command or updates an existing one,"user,system",FALSE
Microsoft Compute,Virtual Machine RunCommands,Delete Virtual Machine run command,Microsoft.Compute/virtualMachines/runCommands/delete,Deletes the virtual machine run command,"user,system",FALSE
Microsoft Compute,Virtual Machine RunCommands,Get Virtual Machine run command,Microsoft.Compute/virtualMachines/runCommands/read,Get the properties of a virtual machine run command,"user,system",FALSE
Microsoft Compute,Virtual Machine Scale Set,Read the diagnostic setting,Microsoft.Compute/virtualMachineScaleSets/providers/Microsoft.Insights/diagnosticSettings/read,Gets the diagnostic setting for the Virtual Machine Scale Set.,system,FALSE
Microsoft Compute,Virtual Machine Scale Set,Write diagnostic setting,Microsoft.Compute/virtualMachineScaleSets/providers/Microsoft.Insights/diagnosticSettings/write,Creates or updates the diagnostic setting for the Virtual Machine Scale set.,system,FALSE
Microsoft Compute,Virtual Machine Scale Set Extensions,Create or Update Virtual Machine Scale Set Extension,Microsoft.Compute/virtualMachineScaleSets/extensions/write,Creates a new Virtual Machine Scale Set Extension or updates an existing one,"user,system",FALSE
Microsoft Compute,Virtual Machine Scale Set Extensions,Delete Virtual Machine Scale Set Extension,Microsoft.Compute/virtualMachineScaleSets/extensions/delete,Deletes the Virtual Machine Scale Set Extension,"user,system",FALSE
Microsoft Compute,Virtual Machine Scale Set Extensions,Get Virtual Machine Scale Set Extension,Microsoft.Compute/virtualMachineScaleSets/extensions/read,Gets the properties of a Virtual Machine Scale Set Extension,"user,system",FALSE
Microsoft Compute,Virtual Machine Scale Set Instance View,Get Virtual Machine Scale Set Instance View,Microsoft.Compute/virtualMachineScaleSets/instanceView/read,Gets the instance view of the Virtual Machine Scale Set,"user,system",FALSE
Microsoft Compute,Virtual Machine Scale Set OS Upgrade History,Gets the history of OS upgrades for a Virtual Machine Scale Set,Microsoft.Compute/virtualMachineScaleSets/osUpgradeHistory/read,Gets the history of OS upgrades for a Virtual Machine Scale Set,"user,system",FALSE
Microsoft Compute,Virtual Machine Scale Set SKU,List SKUs for Virtual Machine Scale Set,Microsoft.Compute/virtualMachineScaleSets/skus/read,Lists the valid SKUs for an existing Virtual Machine Scale Set,"user,system",FALSE
Microsoft Compute,Virtual Machine Scale Sets,Approve deferred rolling upgrades for a Virtual Machine Scale Set,Microsoft.Compute/virtualMachineScaleSets/approveRollingUpgrade/action,Approves deferred rolling upgrades for the instances of a Virtual Machine Scale Set ,"user,system",FALSE
Microsoft Compute,Virtual Machine Scale Sets,Create or Update Virtual Machine Scale Set,Microsoft.Compute/virtualMachineScaleSets/write,Creates a new Virtual Machine Scale Set or updates an existing one,"user,system",FALSE
Microsoft Compute,Virtual Machine Scale Sets,Deallocate Virtual Machine Scale Set,Microsoft.Compute/virtualMachineScaleSets/deallocate/action,Powers off and releases the compute resources for the instances of the Virtual Machine Scale Set ,"user,system",FALSE
Microsoft Compute,Virtual Machine Scale Sets,Delete Virtual Machine Scale Set,Microsoft.Compute/virtualMachineScaleSets/delete,Deletes the Virtual Machine Scale Set,"user,system",FALSE
Microsoft Compute,Virtual Machine Scale Sets,Delete Virtual Machines in a Virtual Machine Scale Set,Microsoft.Compute/virtualMachineScaleSets/delete/action,Deletes the instances of the Virtual Machine Scale Set,"user,system",FALSE
Microsoft Compute,Virtual Machine Scale Sets,Get Virtual Machine Scale Set,Microsoft.Compute/virtualMachineScaleSets/read,Get the properties of a Virtual Machine Scale Set,"user,system",FALSE
Microsoft Compute,Virtual Machine Scale Sets,Manual Upgrade Virtual Machine Scale Set,Microsoft.Compute/virtualMachineScaleSets/manualUpgrade/action,Manually updates instances to latest model of the Virtual Machine Scale Set,"user,system",FALSE
Microsoft Compute,Virtual Machine Scale Sets,Manually walk platform update domains in a service fabric Virtual Machine Scale Set,Microsoft.Compute/virtualMachineScaleSets/forceRecoveryServiceFabricPlatformUpdateDomainWalk/action,Manually walk the platform update domains of a service fabric Virtual Machine Scale Set to finish a pending update that is stuck,"user,system",FALSE
Microsoft Compute,Virtual Machine Scale Sets,Perform planned maintenance on a Virtual Machine Scale Set,Microsoft.Compute/virtualMachineScaleSets/performMaintenance/action,Performs planned maintenance on the instances of the Virtual Machine Scale Set,"user,system",FALSE
Microsoft Compute,Virtual Machine Scale Sets,Power Off Virtual Machine Scale Set,Microsoft.Compute/virtualMachineScaleSets/powerOff/action,Powers off the instances of the Virtual Machine Scale Set,"user,system",FALSE
Microsoft Compute,Virtual Machine Scale Sets,Reapply Virtual Machine Scale Set,Microsoft.Compute/virtualMachineScaleSets/reapply/action,Reapply the Virtual Machine Scale Set Virtual Machine Profile to the Virtual Machine Instances,"user,system",FALSE
Microsoft Compute,Virtual Machine Scale Sets,Redeploy Virtual Machine Scale Set,Microsoft.Compute/virtualMachineScaleSets/redeploy/action,Redeploy the instances of the Virtual Machine Scale Set,"user,system",FALSE
Microsoft Compute,Virtual Machine Scale Sets,Reimage Virtual Machine Scale Set,Microsoft.Compute/virtualMachineScaleSets/reimage/action,Reimages the instances of the Virtual Machine Scale Set,"user,system",FALSE
Microsoft Compute,Virtual Machine Scale Sets,Reimage all Disks for a Virtual Machine Scale Set,Microsoft.Compute/virtualMachineScaleSets/reimageAll/action,Reimages all disks (OS Disk and Data Disks) for the instances of a Virtual Machine Scale Set ,"user,system",FALSE
Microsoft Compute,Virtual Machine Scale Sets,Restart Virtual Machine Scale Set,Microsoft.Compute/virtualMachineScaleSets/restart/action,Restarts the instances of the Virtual Machine Scale Set,"user,system",FALSE
Microsoft Compute,Virtual Machine Scale Sets,Sets the state of an orchestration service in a Virtual Machine Scale Set.,Microsoft.Compute/virtualMachineScaleSets/setOrchestrationServiceState/action,Sets the state of an orchestration service based on the action provided in operation input.,"user,system",FALSE
Microsoft Compute,Virtual Machine Scale Sets,Start Virtual Machine Scale Set,Microsoft.Compute/virtualMachineScaleSets/start/action,Starts the instances of the Virtual Machine Scale Set,"user,system",FALSE
Microsoft Compute,Virtual Machine Scale Sets,Upgrades OS on Virtual Machine Scale Set instances to the latest available Platform Image OS version.,Microsoft.Compute/virtualMachineScaleSets/osRollingUpgrade/action,Starts a rolling upgrade to move all Virtual Machine Scale Set instances to the latest available Platform Image OS version.,"user,system",FALSE
Microsoft Compute,Virtual Machine Scale Sets,Verify Scaling of Virtual Machine Scale Set,Microsoft.Compute/virtualMachineScaleSets/scale/action,Verify if an existing Virtual Machine Scale Set can Scale In/Scale Out to specified instance count,"user,system",FALSE
Microsoft Compute,Virtual Machine Scale Sets Rolling Upgrades,Cancel Virtual Machine Scale Set Rolling Upgrade operation,Microsoft.Compute/virtualMachineScaleSets/rollingUpgrades/action,Cancels the rolling upgrade of a Virtual Machine Scale Set,"user,system",FALSE
Microsoft Compute,Virtual Machine Scale Sets Rolling Upgrades,Gets the latest Rolling Upgrade status for a Virtual Machine Scale Set,Microsoft.Compute/virtualMachineScaleSets/rollingUpgrades/read,Get latest Rolling Upgrade status for a Virtual Machine Scale Set,"user,system",FALSE
Microsoft Compute,Virtual Machine Scalet Set Metric Definitions,Get Virtual Machine Scalet Set Metric Definitions,Microsoft.Compute/virtualMachineScaleSets/providers/Microsoft.Insights/metricDefinitions/read,Reads Virtual Machine Scalet Set Metric Definitions,system,FALSE
Microsoft Compute,Virtual Machine Size,Lists Available Virtual Machine Sizes,Microsoft.Compute/virtualMachines/vmSizes/read,Lists available sizes the virtual machine can be updated to,"user,system",FALSE
Microsoft Compute,Virtual Machine Size Recommendations,Generate VMSize Recommendations,Microsoft.Compute/locations/vmSizeRecommendations/generate/action,Create a request for generating VMSize Recommendations,"user,system",FALSE
Microsoft Compute,Virtual Machine Size for Availability set,List Virtual Machine Sizes for Availability Set,Microsoft.Compute/availabilitySets/vmSizes/read,List available sizes for creating or updating a virtual machine in the availability set,"user,system",FALSE
Microsoft Compute,Virtual Machine Size for Virtual Machine Scale Set,List Virtual Machine Sizes for a Virtual Machine Scale Set,Microsoft.Compute/virtualMachineScaleSets/vmSizes/read,List available sizes for creating or updating a virtual machine in the Virtual Machine Scale Set,"user,system",FALSE
Microsoft Compute,Virtual Machine Sizes,List Available Virtual Machine Sizes in Location,Microsoft.Compute/locations/vmSizes/read,Lists available virtual machine sizes in a location,"user,system",FALSE
Microsoft Compute,Virtual Machine in Scale Set,Approves deferred rolling upgrade for a Virtual Machine instance in a Virtual Machine Scale Set.,Microsoft.Compute/virtualMachineScaleSets/virtualMachines/approveRollingUpgrade/action,Approves deferred rolling upgrade for Virtual Machine instance in a Virtual Machine Scale Set.,"user,system",FALSE
Microsoft Compute,Virtual Machine in Scale Set,Attach Detach data disks to a Virtual Machine instance in a Virtual Machine Scale Set,Microsoft.Compute/virtualMachineScaleSets/virtualMachines/attachDetachDataDisks/action,Attaches Detaches existing data disks to a Virtual Machine instance in a VM Scale Set,"user,system",FALSE
Microsoft Compute,Virtual Machine in Scale Set,Deallocate Virtual Machine in a Virtual Machine Scale Set,Microsoft.Compute/virtualMachineScaleSets/virtualMachines/deallocate/action,Powers off and releases the compute resources for a Virtual Machine in a VM Scale Set.,"user,system",FALSE
Microsoft Compute,Virtual Machine in Scale Set,Delete Virtual Machine in a Virtual Machine Scale Set,Microsoft.Compute/virtualMachineScaleSets/virtualMachines/delete,Delete a specific Virtual Machine in a VM Scale Set.,"user,system",FALSE
Microsoft Compute,Virtual Machine in Scale Set,Gets the properties of a Virtual Machine in a Virtual Machine Scale Set,Microsoft.Compute/virtualMachineScaleSets/virtualMachines/read,Retrieves the properties of a Virtual Machine in a VM Scale Set,"user,system",FALSE
Microsoft Compute,Virtual Machine in Scale Set,Perform planned maintenance on a Virtual Machine instance in a Virtual Machine Scale Set,Microsoft.Compute/virtualMachineScaleSets/virtualMachines/performMaintenance/action,Performs planned maintenance on a Virtual Machine instance in a Virtual Machine Scale Set,"user,system",FALSE
Microsoft Compute,Virtual Machine in Scale Set,Power off Virtual Machine in a Virtual Machine Scale Set,Microsoft.Compute/virtualMachineScaleSets/virtualMachines/powerOff/action,Powers Off a Virtual Machine instance in a VM Scale Set.,"user,system",FALSE
Microsoft Compute,Virtual Machine in Scale Set,Redeploy Virtual Machine instance in a Virtual Machine Scale Set,Microsoft.Compute/virtualMachineScaleSets/virtualMachines/redeploy/action,Redeploys a Virtual Machine instance in a Virtual Machine Scale Set,"user,system",FALSE
Microsoft Compute,Virtual Machine in Scale Set,Reimage Virtual Machine in a Virtual Machine Scale Set,Microsoft.Compute/virtualMachineScaleSets/virtualMachines/reimage/action,Reimages a Virtual Machine instance in a Virtual Machine Scale Set.,"user,system",FALSE
Microsoft Compute,Virtual Machine in Scale Set,Reimage all Disks for a Virtual Machine instance in a Virtual Machine Scale Set.,Microsoft.Compute/virtualMachineScaleSets/virtualMachines/reimageAll/action,Reimages all disks (OS Disk and Data Disks) for Virtual Machine instance in a Virtual Machine Scale Set.,"user,system",FALSE
Microsoft Compute,Virtual Machine in Scale Set,Restart Virtual Machine instance in a Virtual Machine Scale Set,Microsoft.Compute/virtualMachineScaleSets/virtualMachines/restart/action,Restarts a Virtual Machine instance in a VM Scale Set.,"user,system",FALSE
Microsoft Compute,Virtual Machine in Scale Set,Retrieve boot diagnostic logs blob URIs of Virtual Machine instance in a Virtual Machine Scale Set,Microsoft.Compute/virtualMachineScaleSets/virtualMachines/retrieveBootDiagnosticsData/action,Retrieves boot diagnostic logs blob URIs of Virtual Machine instance in a Virtual Machine Scale Set,"user,system",FALSE
Microsoft Compute,Virtual Machine in Scale Set,Run Command on a Virtual Machine instance in a Virtual Machine Scale Set.,Microsoft.Compute/virtualMachineScaleSets/virtualMachines/runCommand/action,Executes a predefined script on a Virtual Machine instance in a Virtual Machine Scale Set.,"user,system",FALSE
Microsoft Compute,Virtual Machine in Scale Set,Simulate Eviction of spot Virtual Machine in Virtual Machine Scale Set,Microsoft.Compute/virtualMachineScaleSets/virtualMachines/simulateEviction/action,Simulates the eviction of spot Virtual Machine in Virtual Machine Scale Set,"user,system",FALSE
Microsoft Compute,Virtual Machine in Scale Set,Start Virtual Machine in a Virtual Machine Scale Set,Microsoft.Compute/virtualMachineScaleSets/virtualMachines/start/action,Starts a Virtual Machine instance in a VM Scale Set.,"user,system",FALSE
Microsoft Compute,Virtual Machine in Scale Set,Updates the properties of a Virtual Machine in a Virtual Machine Scale Set,Microsoft.Compute/virtualMachineScaleSets/virtualMachines/write,Updates the properties of a Virtual Machine in a VM Scale Set,"user,system",FALSE
Microsoft Compute,Virtual Machine in Scale Set Metric Definitions,Get Virtual Machine in Scale Set Metric Definitions,Microsoft.Compute/virtualMachineScaleSets/virtualMachines/providers/Microsoft.Insights/metricDefinitions/read,Reads Virtual Machine in Scale Set Metric Definitions,system,FALSE
Microsoft Compute,Virtual Machines,Assess virtual machine for available OS update patches,Microsoft.Compute/virtualMachines/assessPatches/action,Assesses the virtual machine and finds list of available OS update patches for it.,"user,system",FALSE
Microsoft Compute,Virtual Machines,Attach Detach data disks to a Virtual Machine,Microsoft.Compute/virtualMachines/attachDetachDataDisks/action,Attaches Detaches existing data disks to a virtual machine,"user,system",FALSE
Microsoft Compute,Virtual Machines,Cancel install OS update patch operation on virtual machine,Microsoft.Compute/virtualMachines/cancelPatchInstallation/action,Cancels the ongoing install OS update patch operation on the virtual machine.,"user,system",FALSE
Microsoft Compute,Virtual Machines,Capture Virtual Machine,Microsoft.Compute/virtualMachines/capture/action,Captures the virtual machine by copying virtual hard disks and generates a template that can be used to create similar virtual machines,"user,system",FALSE
Microsoft Compute,Virtual Machines,Convert Virtual Machine disks to Managed Disks,Microsoft.Compute/virtualMachines/convertToManagedDisks/action,Converts the blob based disks of the virtual machine to managed disks,"user,system",FALSE
Microsoft Compute,Virtual Machines,Create or Update Virtual Machine,Microsoft.Compute/virtualMachines/write,Creates a new virtual machine or updates an existing virtual machine,"user,system",FALSE
Microsoft Compute,Virtual Machines,Deallocate Virtual Machine,Microsoft.Compute/virtualMachines/deallocate/action,Powers off the virtual machine and releases the compute resources,"user,system",FALSE
Microsoft Compute,Virtual Machines,Delete Virtual Machine,Microsoft.Compute/virtualMachines/delete,Deletes the virtual machine,"user,system",FALSE
Microsoft Compute,Virtual Machines,Deletes PreservedOSDisk on the Virtual Machine.,Microsoft.Compute/virtualMachines/deletePreservedOSDisk/action,Deletes PreservedOSDisk on the Virtual Machine which belongs to Virtual Machine Scale Set with Flexible Orchestration Mode.,"user,system",FALSE
Microsoft Compute,Virtual Machines,Generalize Virtual Machine,Microsoft.Compute/virtualMachines/generalize/action,Sets the virtual machine state to Generalized and prepares the virtual machine for capture,"user,system",FALSE
Microsoft Compute,Virtual Machines,Get Virtual Machine,Microsoft.Compute/virtualMachines/read,Get the properties of a virtual machine,"user,system",FALSE
Microsoft Compute,Virtual Machines,Install OS update patches on virtual machine,Microsoft.Compute/virtualMachines/installPatches/action,Installs available OS update patches on the virtual machine based on parameters provided by user. Assessment results containing list of available patches will also get refreshed as part of this.,"user,system",FALSE
Microsoft Compute,Virtual Machines,Log in to Virtual Machine,Microsoft.Compute/virtualMachines/login/action,Log in to a virtual machine as a regular user,"user,system",TRUE
Microsoft Compute,Virtual Machines,Log in to Virtual Machine as administrator,Microsoft.Compute/virtualMachines/loginAsAdmin/action,Log in to a virtual machine with Windows administrator or Linux root user privileges,"user,system",TRUE
Microsoft Compute,Virtual Machines,Manage the OS via Windows Admin Center as an administrator,Microsoft.Compute/virtualMachines/WACloginAsAdmin/action,Lets you manage the OS of your resource via Windows Admin Center as an administrator,"user,system",TRUE
Microsoft Compute,Virtual Machines,Perform Maintenance Redeploy,Microsoft.Compute/virtualMachines/performMaintenance/action,Performs Maintenance Operation on the VM.,"user,system",FALSE
Microsoft Compute,Virtual Machines,Perform OS Upgrade on Virtual Machine.,Microsoft.Compute/virtualMachines/osUpgradeInternal/action,Perform OS Upgrade on Virtual Machine belonging to Virtual Machine Scale Set with Flexible Orchestration Mode.,"user,system",FALSE
Microsoft Compute,Virtual Machines,Power Off Virtual Machine,Microsoft.Compute/virtualMachines/powerOff/action,Powers off the virtual machine. Note that the virtual machine will continue to be billed.,"user,system",FALSE
Microsoft Compute,Virtual Machines,Reapply a virtual machine's current model,Microsoft.Compute/virtualMachines/reapply/action,Reapplies a virtual machine's current model,"user,system",FALSE
Microsoft Compute,Virtual Machines,Redeploy Virtual Machine,Microsoft.Compute/virtualMachines/redeploy/action,Redeploys virtual machine,"user,system",FALSE
Microsoft Compute,Virtual Machines,Reimage Virtual Machine,Microsoft.Compute/virtualMachines/reimage/action,Reimages virtual machine which is using differencing disk.,"user,system",FALSE
Microsoft Compute,Virtual Machines,Restart Virtual Machine,Microsoft.Compute/virtualMachines/restart/action,Restarts the virtual machine,"user,system",FALSE
Microsoft Compute,Virtual Machines,Retrieve boot diagnostic logs blob URIs,Microsoft.Compute/virtualMachines/retrieveBootDiagnosticsData/action,Retrieves boot diagnostic logs blob URIs,"user,system",FALSE
Microsoft Compute,Virtual Machines,Rollback OSDisk on Virtual Machine after failed OS Upgrade.,Microsoft.Compute/virtualMachines/rollbackOSDisk/action,Rollback OSDisk on Virtual Machine after failed OS Upgrade invoked by Virtual Machine Scale Set with Flexible Orchestration Mode.,"user,system",FALSE
Microsoft Compute,Virtual Machines,Run Command on Virtual Machine,Microsoft.Compute/virtualMachines/runCommand/action,Executes a predefined script on the virtual machine,"user,system",FALSE
Microsoft Compute,Virtual Machines,Simulate Eviction of spot Virtual Machine,Microsoft.Compute/virtualMachines/simulateEviction/action,Simulates the eviction of spot Virtual Machine,"user,system",FALSE
Microsoft Compute,Virtual Machines,Start Virtual Machine,Microsoft.Compute/virtualMachines/start/action,Starts the virtual machine,"user,system",FALSE
Microsoft Compute,Virtual Machines,Upgrade VM Agent,Microsoft.Compute/virtualMachines/upgradeVMAgent/action,Upgrade version of VM Agent on Virtual Machine,"user,system",FALSE
Microsoft Compute,VirtualMachineScaleSet Extensions Role,Get properties of Role in a Virtual Machine Scale Set with the Virtual Machine Runtime Service Extension,Microsoft.Compute/virtualMachineScaleSets/extensions/roles/read,Gets the properties of a Role in a Virtual Machine Scale Set with the Virtual Machine Runtime Service Extension,"user,system",FALSE
Microsoft Compute,VirtualMachineScaleSet Extensions Role,Update properties of Role in a Virtual Machine Scale Set with the Virtual Machine Runtime Service Extension,Microsoft.Compute/virtualMachineScaleSets/extensions/roles/write,Updates the properties of an existing Role in a Virtual Machine Scale Set with the Virtual Machine Runtime Service Extension,"user,system",FALSE
Microsoft Compute,VirtualMachineScaleSetsDisks,Get VirtualMachineScaleSets Disk SAS URI,Microsoft.Compute/virtualMachineScaleSets/disks/beginGetAccess/action,Get the SAS URI of VirtualMachineScaleSets Disk,"user,system",FALSE
